track_key,song,artist,entry_date,exit_date,entry_position,best_position,exit_position,observations,entry_popularity,peak_popularity,exit_popularity,album_type,total_tracks,is_explicit,duration_min,calendar_days,days_on_playlist,continuity,continuity_percentage,peak_date,peak_position_check,time_to_peak_days,rank_slope,popularity_slope,rank_improvement,rank_change_entry_to_exit,rank_movement,popularity_change,popularity_growth_percentage,lifecycle_stage,retention_stability_index,entry_age_days,content_maturity,retention_segment,entry_strength
"1 de enero, puntacana | rels b","1 de Enero, Puntacana",Rels B,2025-04-28,2025-04-28,45,45,45,1,65,65,65,album,13,False,1.5833333333333333,1,1,1.0,100.0,2025-04-28,45,0,0.0,0.0,0,0,Stable,0,0.0,New Entry,100.0,345,Established,Short Retention,Weak Entry
50 palos | feid,50 PALOS,Feid,2024-12-02,2024-12-02,38,38,38,1,0,0,0,album,10,True,2.787333333333333,1,1,1.0,100.0,2024-12-02,38,0,0.0,0.0,0,0,Stable,0,,New Entry,100.0,198,Established,Short Retention,Weak Entry
attitude (feat. charlie wilson & cash cobain) | don toliver,ATTITUDE (FEAT. CHARLIE WILSON & CASH COBAIN),Don Toliver,2025-06-21,2025-06-21,46,46,46,1,69,69,69,album,16,True,2.6842166666666665,1,1,1.0,100.0,2025-06-21,46,0,0.0,0.0,0,0,Stable,0,0.0,New Entry,100.0,399,Established,Short Retention,Weak Entry
amar de nuevo | rauw alejandro,Amar De Nuevo,Rauw Alejandro,2025-11-17,2025-11-17,45,45,45,1,64,64,64,album,18,True,4.467366666666667,1,1,1.0,100.0,2025-11-17,45,0,0.0,0.0,0,0,Stable,0,0.0,New Entry,100.0,548,Established,Short Retention,Weak Entry
caché | myke towers,CACHÉ,Myke Towers,2025-08-24,2025-08-24,47,47,47,1,0,0,0,album,20,True,3.2817666666666665,1,1,1.0,100.0,2025-08-24,47,0,0.0,0.0,0,0,Stable,0,,New Entry,100.0,463,Established,Short Retention,Weak Entry
beso prohibido | beny jr,Beso Prohibido,Beny Jr,2025-09-07,2025-09-07,49,49,49,1,64,64,64,album,14,False,2.5477666666666665,1,1,1.0,100.0,2025-09-07,49,0,0.0,0.0,0,0,Stable,0,0.0,New Entry,100.0,477,Established,Short Retention,Weak Entry
barro | duki,Barro,Duki,2025-10-20,2025-10-20,40,40,40,1,60,60,60,single,1,False,3.3508666666666667,1,1,1.0,100.0,2025-10-20,40,0,0.0,0.0,0,0,Stable,0,0.0,New Entry,100.0,520,Established,Short Retention,Weak Entry
bandit | don toliver,BANDIT,Don Toliver,2025-06-21,2025-06-21,27,27,27,1,69,69,69,album,16,True,2.4617666666666667,1,1,1.0,100.0,2025-06-21,27,0,0.0,0.0,0,0,Stable,0,0.0,New Entry,100.0,399,Established,Short Retention,Weak Entry
cangrinaje | cruz cafuné,Cangrinaje,Cruz Cafuné,2024-05-28,2024-05-28,48,48,48,1,56,56,56,album,23,True,3.5294166666666666,1,1,1.0,100.0,2024-05-28,48,0,0.0,0.0,0,0,Stable,0,0.0,New Entry,100.0,10,Fresh,Short Retention,Weak Entry
call me maybe | duki,CALL ME MAYBE,Duki,2024-12-10,2024-12-10,50,50,50,1,65,65,65,single,1,False,3.7066833333333333,1,1,1.0,100.0,2024-12-10,50,0,0.0,0.0,0,0,Stable,0,0.0,New Entry,100.0,206,Established,Short Retention,Weak Entry
cartera & tacos | myke towers,CARTERA & TACOS,Myke Towers,2024-11-25,2024-11-25,47,47,47,1,0,0,0,album,23,True,2.1655333333333333,1,1,1.0,100.0,2024-11-25,47,0,0.0,0.0,0,0,Stable,0,,New Entry,100.0,191,Established,Short Retention,Weak Entry
desquite | feid,DESQUITE,Feid,2024-12-02,2024-12-02,39,39,39,1,0,0,0,album,10,False,2.2257666666666664,1,1,1.0,100.0,2024-12-02,39,0,0.0,0.0,0,0,Stable,0,,New Entry,100.0,198,Established,Short Retention,Weak Entry
dinero y fama (feat. omar montes) | myke towers,DINERO y FAMA (feat. Omar Montes),Myke Towers,2025-08-24,2025-08-24,40,40,40,1,0,0,0,album,20,True,3.5991,1,1,1.0,100.0,2025-08-24,40,0,0.0,0.0,0,0,Stable,0,,New Entry,100.0,463,Established,Short Retention,Weak Entry
committed | rauw alejandro,Committed,Rauw Alejandro,2025-11-17,2025-11-17,29,29,29,1,66,66,66,album,18,True,2.6557333333333335,1,1,1.0,100.0,2025-11-17,29,0,0.0,0.0,0,0,Stable,0,0.0,New Entry,100.0,548,Established,Short Retention,Weak Entry
cine 🚬 | duki,Cine 🚬,Duki,2025-11-03,2025-11-03,42,42,42,1,61,61,61,album,15,True,2.382616666666667,1,1,1.0,100.0,2025-11-03,42,0,0.0,0.0,0,0,Stable,0,0.0,New Entry,100.0,534,Established,Short Retention,Weak Entry
caserio | yandel & saiko,Caserio,Yandel & SAIKO,2025-03-10,2025-03-10,41,41,41,1,59,59,59,single,1,True,3.158733333333333,1,1,1.0,100.0,2025-03-10,41,0,0.0,0.0,0,0,Stable,0,0.0,New Entry,100.0,296,Established,Short Retention,Weak Entry
cómo te atreves | morat,Cómo Te Atreves,Morat,2025-03-02,2025-03-02,45,45,45,1,78,78,78,album,12,False,4.009333333333333,1,1,1.0,100.0,2025-03-02,45,0,0.0,0.0,0,0,Stable,0,0.0,New Entry,100.0,288,Established,Short Retention,Weak Entry
detrás del dj | rels b,Detrás del DJ,Rels B,2025-04-28,2025-04-28,39,39,39,1,66,66,66,album,13,True,1.9892333333333334,1,1,1.0,100.0,2025-04-28,39,0,0.0,0.0,0,0,Stable,0,0.0,New Entry,100.0,345,Established,Short Retention,Weak Entry
cruel summer | taylor swift,Cruel Summer,Taylor Swift,2025-06-01,2025-06-01,39,39,39,1,94,94,94,album,18,False,2.9737666666666667,1,1,1.0,100.0,2025-06-01,39,0,0.0,0.0,0,0,Stable,0,0.0,New Entry,100.0,379,Established,Short Retention,Weak Entry
headshot | anuel aa,Headshot,Anuel AA,2025-09-22,2025-09-22,29,29,29,1,61,61,61,single,1,True,6.820983333333333,1,1,1.0,100.0,2025-09-22,29,0,0.0,0.0,0,0,Stable,0,0.0,New Entry,100.0,492,Established,Short Retention,Weak Entry
heavy is the crown | linkin park,Heavy Is the Crown,Linkin Park,2025-09-27,2025-09-27,49,49,49,1,78,78,78,single,2,False,2.783533333333333,1,1,1.0,100.0,2025-09-27,49,0,0.0,0.0,0,0,Stable,0,0.0,New Entry,100.0,497,Established,Short Retention,Weak Entry
fosforito | dellafuente,Fosforito,DELLAFUENTE,2025-06-16,2025-06-16,46,46,46,1,29,29,29,album,10,False,2.9797,1,1,1.0,100.0,2025-06-16,46,0,0.0,0.0,0,0,Stable,0,0.0,New Entry,100.0,394,Established,Short Retention,Weak Entry
"flowhot (feat. arcángel, de la ghetto, randy) | the academy: segunda misión & sech & dalex","FLOWHOT (feat. Arcángel, De La Ghetto, Randy)",The Academy: Segunda Misión & Sech & Dalex,2025-03-31,2025-03-31,32,32,32,1,53,53,53,album,9,True,3.8849833333333335,1,1,1.0,100.0,2025-03-31,32,0,0.0,0.0,0,0,Stable,0,0.0,New Entry,100.0,317,Established,Short Retention,Weak Entry
"fé, cojones y paciencia | eladio carrion","Fé, Cojones y Paciencia",Eladio Carrion,2025-01-21,2025-01-21,38,38,38,1,66,66,66,album,17,True,3.170716666666667,1,1,1.0,100.0,2025-01-21,38,0,0.0,0.0,0,0,Stable,0,0.0,New Entry,100.0,248,Established,Short Retention,Weak Entry
figo | dellafuente & morad,Figo,DELLAFUENTE & Morad,2024-12-02,2024-12-02,44,44,44,1,0,0,0,single,6,False,3.0760833333333335,1,1,1.0,100.0,2024-12-02,44,0,0.0,0.0,0,0,Stable,0,,New Entry,100.0,198,Established,Short Retention,Weak Entry
frío | myke towers,FRÍO,Myke Towers,2025-08-24,2025-08-24,36,36,36,1,0,0,0,album,20,True,2.6728833333333335,1,1,1.0,100.0,2025-08-24,36,0,0.0,0.0,0,0,Stable,0,,New Entry,100.0,463,Established,Short Retention,Weak Entry
escriurem | chiara oliver & martin urrutia,Escriurem,Chiara Oliver & Martin Urrutia,2025-01-25,2025-01-25,47,47,47,1,56,56,56,single,1,False,3.152433333333333,1,1,1.0,100.0,2025-01-25,47,0,0.0,0.0,0,0,Stable,0,0.0,New Entry,100.0,252,Established,Short Retention,Weak Entry
emrata | myke towers,EMRATA,Myke Towers,2024-11-25,2024-11-25,46,46,46,1,0,0,0,album,23,True,3.75845,1,1,1.0,100.0,2024-11-25,46,0,0.0,0.0,0,0,Stable,0,,New Entry,100.0,191,Established,Short Retention,Weak Entry
el destello | juanjo bona & martin urrutia,El Destello,Juanjo Bona & Martin Urrutia,2025-10-06,2025-10-06,36,36,36,1,57,57,57,single,1,False,2.6780666666666666,1,1,1.0,100.0,2025-10-06,36,0,0.0,0.0,0,0,Stable,0,0.0,New Entry,100.0,506,Established,Short Retention,Weak Entry
duro de verdad pt.2 | los sufridos,Duro De Verdad pt.2,Los Sufridos,2025-09-20,2025-09-20,39,39,39,1,55,55,55,single,1,False,3.40505,1,1,1.0,100.0,2025-09-20,39,0,0.0,0.0,0,0,Stable,0,0.0,New Entry,100.0,490,Established,Short Retention,Weak Entry
do it 4 th€ gram | cruz cafuné,do it 4 th€ gram,Cruz Cafuné,2025-07-21,2025-07-21,34,34,34,1,54,54,54,single,6,True,2.5097,1,1,1.0,100.0,2025-07-21,34,0,0.0,0.0,0,0,Stable,0,0.0,New Entry,100.0,429,Established,Short Retention,Weak Entry
dios #1 | cruz cafuné,Dios #1,Cruz Cafuné,2024-05-28,2024-05-28,43,43,43,1,56,56,56,album,23,True,3.3354166666666667,1,1,1.0,100.0,2024-05-28,43,0,0.0,0.0,0,0,Stable,0,0.0,New Entry,100.0,10,Fresh,Short Retention,Weak Entry
latte (feat. maria becerra) | the academy: segunda misión & sech & dalex,LATTE (feat. Maria Becerra),The Academy: Segunda Misión & Sech & Dalex,2025-03-31,2025-03-31,43,43,43,1,53,53,53,album,9,True,4.342233333333334,1,1,1.0,100.0,2025-03-31,43,0,0.0,0.0,0,0,Stable,0,0.0,New Entry,100.0,317,Established,Short Retention,Weak Entry
la gata bajo la lluvia | naiara,La Gata Bajo La Lluvia,Naiara,2025-01-25,2025-01-25,46,46,46,1,55,55,55,single,1,False,2.7446333333333333,1,1,1.0,100.0,2025-01-25,46,0,0.0,0.0,0,0,Stable,0,0.0,New Entry,100.0,252,Established,Short Retention,Weak Entry
la noia | angelina mango,la noia,Angelina Mango,2025-05-14,2025-05-14,47,47,47,1,80,80,80,single,1,False,3.152066666666667,1,1,1.0,100.0,2025-05-14,47,0,0.0,0.0,0,0,Stable,0,0.0,New Entry,100.0,361,Established,Short Retention,Weak Entry
la torre picasso | arde bogotá,La Torre Picasso,Arde Bogotá,2025-09-15,2025-09-15,46,46,46,1,50,50,50,single,1,False,8.076216666666667,1,1,1.0,100.0,2025-09-15,46,0,0.0,0.0,0,0,Stable,0,0.0,New Entry,100.0,485,Established,Short Retention,Weak Entry
let it snow! let it snow! let it snow! (with the b. swanson quartet) | frank sinatra,Let It Snow! Let It Snow! Let It Snow! (with The B. Swanson Quartet),Frank Sinatra,2024-12-25,2024-12-25,33,33,33,1,91,91,91,album,14,False,2.590883333333333,1,1,1.0,100.0,2024-12-25,33,0,0.0,0.0,0,0,Stable,0,0.0,New Entry,100.0,221,Established,Short Retention,Weak Entry
heavyweight | eladio carrion,Heavyweight,Eladio Carrion,2025-05-04,2025-05-04,49,49,49,1,62,62,62,single,5,True,2.7462666666666666,1,1,1.0,100.0,2025-05-04,49,0,0.0,0.0,0,0,Stable,0,0.0,New Entry,100.0,351,Established,Short Retention,Weak Entry
i can do it with a broken heart | taylor swift,I Can Do It With a Broken Heart,Taylor Swift,2025-04-23,2025-04-23,50,50,50,1,82,82,82,album,16,True,3.6334,1,1,1.0,100.0,2025-04-23,50,0,0.0,0.0,0,0,Stable,0,0.0,New Entry,100.0,340,Established,Short Retention,Weak Entry
il capo | rauw alejandro,IL Capo,Rauw Alejandro,2025-11-17,2025-11-17,38,38,38,1,65,65,65,album,18,True,4.159983333333333,1,1,1.0,100.0,2025-11-17,38,0,0.0,0.0,0,0,Stable,0,0.0,New Entry,100.0,548,Established,Short Retention,Weak Entry
la vuelta | feid,LA VUELTA,Feid,2024-12-02,2024-12-02,48,48,48,1,0,0,0,album,10,False,2.032,1,1,1.0,100.0,2024-12-02,48,0,0.0,0.0,0,0,Stable,0,,New Entry,100.0,198,Established,Short Retention,Weak Entry
hardaway | duki,Hardaway,Duki,2025-11-03,2025-11-03,35,35,35,1,62,62,62,album,15,True,3.6072,1,1,1.0,100.0,2025-11-03,35,0,0.0,0.0,0,0,Stable,0,0.0,New Entry,100.0,534,Established,Short Retention,Weak Entry
hala madrid ...y nada más | real madrid,Hala Madrid ...y nada más,Real Madrid,2025-06-03,2025-06-03,43,43,43,1,60,60,60,single,1,False,2.95,1,1,1.0,100.0,2025-06-03,43,0,0.0,0.0,0,0,Stable,0,0.0,New Entry,100.0,381,Established,Short Retention,Weak Entry
hablame claro | yandel,HABLAME CLARO,Yandel,2025-10-13,2025-10-13,47,47,47,1,45,45,45,album,19,True,2.5828166666666665,1,1,1.0,100.0,2025-10-13,47,0,0.0,0.0,0,0,Stable,0,0.0,New Entry,100.0,513,Established,Short Retention,Weak Entry
timeless (with playboi carti) | the weeknd & playboi carti,Timeless (with Playboi Carti),The Weeknd & Playboi Carti,2025-09-29,2025-09-29,50,50,50,1,79,79,79,single,1,True,4.266666666666667,1,1,1.0,100.0,2025-09-29,50,0,0.0,0.0,0,0,Stable,0,0.0,New Entry,100.0,499,Established,Short Retention,Weak Entry
probemas mentales | jzaeb & eix,Probemas Mentales,JZAEB & Eix,2025-03-07,2025-03-07,48,48,48,1,55,55,55,single,1,True,3.819183333333333,1,1,1.0,100.0,2025-03-07,48,0,0.0,0.0,0,0,Stable,0,0.0,New Entry,100.0,293,Established,Short Retention,Weak Entry
quién es dei v? | dei v,Quién es Dei V?,Dei V,2025-06-16,2025-06-16,50,50,50,1,13,13,13,album,16,True,2.704066666666667,1,1,1.0,100.0,2025-06-16,50,0,0.0,0.0,0,0,Stable,0,0.0,New Entry,100.0,394,Established,Short Retention,Weak Entry
quevedo #49 after hour the mixtape | dj saot st,QUEVEDO #49 AFTER HOUR THE MIXTAPE,DJ Saot ST,2024-06-04,2024-06-04,48,48,48,1,20,20,20,album,49,False,2.0,1,1,1.0,100.0,2024-06-04,48,0,0.0,0.0,0,0,Stable,0,0.0,New Entry,100.0,17,Fresh,Short Retention,Weak Entry
oye bb | omar montes & nicky jam,Oye BB,Omar Montes & Nicky Jam,2024-11-11,2024-11-11,43,43,43,1,25,25,25,single,1,False,2.4610333333333334,1,1,1.0,100.0,2024-11-11,43,0,0.0,0.0,0,0,Stable,0,0.0,New Entry,100.0,177,Mature,Short Retention,Weak Entry
otro round | myke towers,OTRO ROUND,Myke Towers,2024-11-25,2024-11-25,50,50,50,1,0,0,0,album,23,True,2.235516666666667,1,1,1.0,100.0,2024-11-25,50,0,0.0,0.0,0,0,Stable,0,,New Entry,100.0,191,Established,Short Retention,Weak Entry
pasaporte | rauw alejandro,Pasaporte,Rauw Alejandro,2025-11-17,2025-11-17,43,43,43,1,64,64,64,album,18,False,4.39085,1,1,1.0,100.0,2025-11-17,43,0,0.0,0.0,0,0,Stable,0,0.0,New Entry,100.0,548,Established,Short Retention,Weak Entry
pa' la vuelta | eladio carrion & morad,PA' LA VUELTA,Eladio Carrion & Morad,2024-08-06,2024-08-06,49,49,49,1,62,62,62,single,1,True,3.7340166666666668,1,1,1.0,100.0,2024-08-06,49,0,0.0,0.0,0,0,Stable,0,0.0,New Entry,100.0,80,Developing,Short Retention,Weak Entry
pasaporte | rauw alejandro & mr. naisgai,Pasaporte,Rauw Alejandro & Mr. Naisgai,2025-09-29,2025-09-29,49,49,49,1,63,63,63,single,1,False,4.44645,1,1,1.0,100.0,2025-09-29,49,0,0.0,0.0,0,0,Stable,0,0.0,New Entry,100.0,499,Established,Short Retention,Weak Entry
mil mujeres | rauw alejandro,Mil Mujeres,Rauw Alejandro,2025-11-17,2025-11-17,36,36,36,1,65,65,65,album,18,True,2.815366666666667,1,1,1.0,100.0,2025-11-17,36,0,0.0,0.0,0,0,Stable,0,0.0,New Entry,100.0,548,Established,Short Retention,Weak Entry
mi cuarto | tiago pzk & rels b,Mi Cuarto,Tiago PZK & Rels B,2025-10-27,2025-10-27,46,46,46,1,58,58,58,single,1,False,2.1948,1,1,1.0,100.0,2025-10-27,46,0,0.0,0.0,0,0,Stable,0,0.0,New Entry,100.0,527,Established,Short Retention,Weak Entry
m€ntiras | cruz cafuné,m€ntiras,Cruz Cafuné,2025-07-21,2025-07-21,43,43,43,1,54,54,54,single,6,True,2.530683333333333,1,1,1.0,100.0,2025-07-21,43,0,0.0,0.0,0,0,Stable,0,0.0,New Entry,100.0,429,Established,Short Retention,Weak Entry
mencionar | eladio carrion,Mencionar,Eladio Carrion,2025-01-21,2025-01-21,42,42,42,1,66,66,66,album,17,False,2.3636333333333335,1,1,1.0,100.0,2025-01-21,42,0,0.0,0.0,0,0,Stable,0,0.0,New Entry,100.0,248,Established,Short Retention,Weak Entry
mejor así | myke towers,MEJOR ASÍ,Myke Towers,2025-08-24,2025-08-24,37,37,37,1,0,0,0,album,20,True,3.658,1,1,1.0,100.0,2025-08-24,37,0,0.0,0.0,0,0,Stable,0,,New Entry,100.0,463,Established,Short Retention,Weak Entry
mamasota | manuel turizo & yandel,Mamasota,Manuel Turizo & Yandel,2025-03-15,2025-03-15,50,50,50,1,78,78,78,single,1,False,3.607066666666667,1,1,1.0,100.0,2025-03-15,50,0,0.0,0.0,0,0,Stable,0,0.0,New Entry,100.0,301,Established,Short Retention,Weak Entry
mama's boy | eladio carrion,Mama's Boy,Eladio Carrion,2025-01-21,2025-01-21,34,34,34,1,66,66,66,album,17,False,3.7045333333333335,1,1,1.0,100.0,2025-01-21,34,0,0.0,0.0,0,0,Stable,0,0.0,New Entry,100.0,248,Established,Short Retention,Weak Entry
ma meilleure ennemie (from the series arcane league of legends) | stromae & pomme & arcane,Ma Meilleure Ennemie (from the series Arcane League of Legends),Stromae & Pomme & Arcane,2025-11-27,2025-11-27,38,38,38,1,77,77,77,single,1,False,2.4662166666666665,1,1,1.0,100.0,2025-11-27,38,0,0.0,0.0,0,0,Stable,0,0.0,New Entry,100.0,558,Established,Short Retention,Weak Entry
luchas mentales | eladio carrion,Luchas Mentales,Eladio Carrion,2025-01-21,2025-01-21,43,43,43,1,66,66,66,album,17,False,2.7805833333333334,1,1,1.0,100.0,2025-01-21,43,0,0.0,0.0,0,0,Stable,0,0.0,New Entry,100.0,248,Established,Short Retention,Weak Entry
lo que no ves de mí | juanjo bona,Lo que no ves de mí,Juanjo Bona,2025-04-18,2025-04-18,38,38,38,1,69,69,69,single,1,False,2.4,1,1,1.0,100.0,2025-04-18,38,0,0.0,0.0,0,0,Stable,0,0.0,New Entry,100.0,335,Established,Short Retention,Weak Entry
like i can (feat. aitana) | sam smith & aitana,Like I Can (feat. Aitana),Sam Smith & Aitana,2025-08-10,2025-08-10,42,42,42,1,38,38,38,single,1,False,2.77845,1,1,1.0,100.0,2025-08-10,42,0,0.0,0.0,0,0,Stable,0,0.0,New Entry,100.0,449,Established,Short Retention,Weak Entry
tranquila baby | eladio carrion,Tranquila Baby,Eladio Carrion,2025-01-21,2025-01-21,32,32,32,1,67,67,67,album,17,True,2.1333333333333333,1,1,1.0,100.0,2025-01-21,32,0,0.0,0.0,0,0,Stable,0,0.0,New Entry,100.0,248,Established,Short Retention,Weak Entry
vampire | olivia rodrigo,vampire,Olivia Rodrigo,2024-07-02,2024-07-02,48,48,48,1,85,85,85,single,1,True,3.6620666666666666,1,1,1.0,100.0,2024-07-02,48,0,0.0,0.0,0,0,Stable,0,0.0,New Entry,100.0,45,Developing,Short Retention,Weak Entry
tanta droga | eladio carrion,Tanta Droga,Eladio Carrion,2025-01-21,2025-01-21,27,27,27,1,68,68,68,album,17,True,4.147966666666667,1,1,1.0,100.0,2025-01-21,27,0,0.0,0.0,0,0,Stable,0,0.0,New Entry,100.0,248,Established,Short Retention,Weak Entry
rang€ rov€r | cruz cafuné,rang€ rov€r,Cruz Cafuné,2025-07-21,2025-07-21,47,47,47,1,53,53,53,single,6,True,1.95355,1,1,1.0,100.0,2025-07-21,47,0,0.0,0.0,0,0,Stable,0,0.0,New Entry,100.0,429,Established,Short Retention,Weak Entry
ritual | myke towers,RITUAL,Myke Towers,2024-11-25,2024-11-25,48,48,48,1,0,0,0,album,23,True,2.5738666666666665,1,1,1.0,100.0,2024-11-25,48,0,0.0,0.0,0,0,Stable,0,,New Entry,100.0,191,Established,Short Retention,Weak Entry
yankee 150 | yandel & feid & daddy yankee,Yankee 150,Yandel & Feid & Daddy Yankee,2024-06-18,2024-06-18,46,46,46,1,68,68,68,single,1,True,4.04445,1,1,1.0,100.0,2024-06-18,46,0,0.0,0.0,0,0,Stable,0,0.0,New Entry,100.0,31,Developing,Short Retention,Weak Entry
volver | tainy,VOLVER,Tainy,2024-07-02,2024-07-02,49,49,49,1,69,69,69,album,19,True,3.0967666666666664,1,1,1.0,100.0,2024-07-02,49,0,0.0,0.0,0,0,Stable,0,0.0,New Entry,100.0,45,Developing,Short Retention,Weak Entry
ya es navidad popurrí: ya es navidad- zúmbale a la pandereta - ya vienen los reyes magos - arre borriquito - ya es navidad | raya real,Ya es Navidad Popurrí: Ya es Navidad- Zúmbale a la pandereta - Ya vienen los Reyes Magos - Arre Borriquito - Ya es Navidad,Raya Real,2024-12-25,2024-12-25,34,34,34,1,50,50,50,album,9,False,4.369066666666667,1,1,1.0,100.0,2024-12-25,34,0,0.0,0.0,0,0,Stable,0,0.0,New Entry,100.0,221,Established,Short Retention,Weak Entry
rapeadita love | rels b,Rapeadita LOVE,Rels B,2025-04-28,2025-04-28,44,44,44,1,65,65,65,album,13,True,2.34065,1,1,1.0,100.0,2025-04-28,44,0,0.0,0.0,0,0,Stable,0,0.0,New Entry,100.0,345,Established,Short Retention,Weak Entry
sexo desenfrenado | myke towers,SEXO DESENFRENADO,Myke Towers,2025-08-24,2025-08-24,45,45,45,1,0,0,0,album,20,True,4.056,1,1,1.0,100.0,2025-08-24,45,0,0.0,0.0,0,0,Stable,0,,New Entry,100.0,463,Established,Short Retention,Weak Entry
privilegios | feid,PRIVILEGIOS,Feid,2024-09-30,2024-10-01,46,46,46,2,0,0,0,album,15,False,3.0973333333333333,2,2,1.0,100.0,2024-09-30,46,0,-7.688831126888455e-15,0.0,0,0,Stable,0,,New Entry,100.0,135,Mature,Short Retention,Weak Entry
se te nota (feat. peso pluma) | myke towers,SE TE NOTA (feat. Peso Pluma),Myke Towers,2025-08-24,2025-08-25,27,27,47,2,0,63,63,album,20,True,3.168433333333333,2,2,1.0,100.0,2025-08-24,27,0,19.99999999999999,62.999999999999986,0,20,Declining,63,,New Entry,4.76,463,Established,Short Retention,Weak Entry
spanish teteo | rvfv & rels b & omar montes,SPANISH TETEO,Rvfv & Rels B & Omar Montes,2024-09-10,2024-09-11,50,50,50,2,59,63,63,single,1,True,3.0196,2,2,1.0,100.0,2024-09-10,50,0,-2.359760608687704e-15,3.999999999999984,0,0,Stable,4,6.779661016949152,New Entry,100.0,115,Mature,Short Retention,Weak Entry
ritmo de medallo | feid,RITMO DE MEDALLO,Feid,2024-09-30,2024-10-01,37,37,37,2,0,0,0,album,15,False,1.9782166666666667,2,2,1.0,100.0,2024-09-30,37,0,-9.021098756438643e-15,0.0,0,0,Stable,0,,New Entry,100.0,135,Mature,Short Retention,Weak Entry
fecha - intro extended | renzo pianciola,Fecha - Intro Extended,Renzo Pianciola,2025-04-19,2025-04-20,47,46,46,2,0,15,15,single,1,False,3.1633666666666667,2,2,1.0,100.0,2025-04-20,46,1,-1.0000000000000053,14.999999999999996,1,-1,Improving,15,,New Entry,50.0,336,Established,Short Retention,Weak Entry
birds of a feather | billie eilish,BIRDS OF A FEATHER,Billie Eilish,2025-06-12,2025-06-13,49,49,49,2,92,92,92,album,10,False,3.5062166666666665,2,2,1.0,100.0,2025-06-12,49,0,-1.0797455595838894e-14,-1.537766225377691e-14,0,0,Stable,0,0.0,New Entry,100.0,390,Established,Short Retention,Weak Entry
4 prez | cruz cafuné,4 PREZ,Cruz Cafuné,2024-05-28,2024-05-29,35,35,46,2,53,56,56,album,23,True,2.4914,2,2,1.0,100.0,2024-05-28,35,0,10.999999999999995,2.9999999999999916,0,11,Declining,3,5.660377358490567,New Entry,8.33,10,Fresh,Short Retention,Weak Entry
de plastilina | lola indigo & pepe y vizio,DE PLASTILINA,Lola Indigo & Pepe y Vizio,2024-10-21,2024-10-22,40,40,50,2,0,32,32,single,1,False,3.4922166666666667,2,2,1.0,100.0,2024-10-21,40,0,9.999999999999995,31.999999999999993,0,10,Declining,32,,New Entry,9.09,156,Mature,Short Retention,Weak Entry
constelación | duki & lia kali,Constelación,Duki & Lia Kali,2025-11-01,2025-11-02,29,29,50,2,58,62,62,single,1,False,3.34385,2,2,1.0,100.0,2025-11-01,29,0,20.999999999999993,3.99999999999999,0,21,Declining,4,6.896551724137931,New Entry,4.55,532,Established,Short Retention,Weak Entry
comuna 3 | jc reyes & the rude boyz,COMUNA 3,JC Reyes & The Rude Boyz,2025-05-16,2025-05-17,47,38,38,2,61,61,61,single,1,False,2.5688,2,2,1.0,100.0,2025-05-17,38,1,-9.000000000000007,-9.021098756438643e-15,9,-9,Improving,0,0.0,New Entry,10.0,363,Established,Short Retention,Weak Entry
feliz navidad | saiko,Feliz Navidad,Saiko,2024-12-19,2024-12-20,36,36,46,2,55,58,58,single,3,False,3.6380333333333335,2,2,1.0,100.0,2024-12-19,36,0,9.999999999999993,2.999999999999987,0,10,Declining,3,5.454545454545454,New Entry,9.09,215,Established,Short Retention,Weak Entry
finales de agosto | saiko,FINALES DE AGOSTO,SAIKO,2025-04-28,2025-04-29,40,40,45,2,57,60,60,album,16,False,2.9505666666666666,2,2,1.0,100.0,2025-04-28,40,0,4.999999999999995,2.99999999999999,0,5,Declining,3,5.263157894736842,New Entry,16.67,345,Established,Short Retention,Weak Entry
"milo j: bzrp music sessions, vol. 57 | paul thin","Milo J: Bzrp Music Sessions, Vol. 57",Paul Thin,2025-02-01,2025-02-02,39,39,50,2,56,56,56,single,1,False,2.5504,2,2,1.0,100.0,2025-02-01,39,0,10.999999999999993,-1.360130541437666e-14,0,11,Declining,0,0.0,New Entry,8.33,259,Established,Short Retention,Weak Entry
"ptazeta: bzrp music sessions, vol. 45 | paul thin & ruslana","Ptazeta: Bzrp Music Sessions, Vol. 45",Paul Thin & RUSLANA,2025-01-18,2025-01-19,42,42,50,2,55,59,59,single,1,False,2.616216666666667,2,2,1.0,100.0,2025-01-18,42,0,7.999999999999992,3.999999999999991,0,8,Declining,4,7.2727272727272725,New Entry,11.11,245,Established,Short Retention,Weak Entry
ferxxo edition | feid,FERXXO EDITION,Feid,2024-09-30,2024-10-01,43,43,43,2,0,0,0,album,15,False,2.6957666666666666,2,2,1.0,100.0,2024-09-30,43,0,-1.1685634015539019e-14,0.0,0,0,Stable,0,,New Entry,100.0,135,Mature,Short Retention,Weak Entry
conexión | cano & jc reyes,Conexión,Cano & JC Reyes,2025-10-25,2025-10-26,46,40,40,2,63,63,63,single,1,False,3.136,2,2,1.0,100.0,2025-10-26,40,1,-6.000000000000006,-6.3565634973382676e-15,6,-6,Improving,0,0.0,New Entry,14.29,525,Established,Short Retention,Weak Entry
la rijana | saiko,LA RIJANA,SAIKO,2025-04-28,2025-04-29,41,41,47,2,57,60,60,album,16,False,2.2862,2,2,1.0,100.0,2025-04-28,41,0,5.999999999999992,2.99999999999999,0,6,Declining,3,5.263157894736842,New Entry,14.29,345,Established,Short Retention,Weak Entry
cha cha cha | käärijä,Cha Cha Cha,Käärijä,2024-05-18,2024-05-20,37,37,48,3,86,88,88,single,1,False,2.91935,3,3,1.0,100.0,2024-05-18,37,0,5.49999999999999,0.9999999999999881,0,11,Declining,2,2.3255813953488373,New Entry,15.38,0,Fresh,Short Retention,Weak Entry
historias por contar | operación triunfo 2023,Historias Por Contar,Operación Triunfo 2023,2025-02-22,2025-02-24,28,28,50,3,57,57,57,single,1,False,3.2007,3,3,1.0,100.0,2025-02-22,28,0,11.000000000000004,6.921108439379876e-15,0,22,Declining,0,0.0,New Entry,8.33,280,Established,Short Retention,Weak Entry
espectacular | sky rompiendo & rauw alejandro,Espectacular,Sky Rompiendo & Rauw Alejandro,2025-04-25,2025-04-27,49,49,50,2,73,76,76,single,1,False,3.09565,3,3,0.6666666666666666,66.66666666666666,2025-04-25,49,0,0.9999999999999902,2.999999999999997,0,1,Declining,3,4.10958904109589,New Entry,33.33,342,Established,Short Retention,Weak Entry
aqyne | aitana,AQYNE,Aitana,2024-09-27,2024-09-29,41,40,40,3,71,73,73,album,15,False,3.0237666666666665,3,3,1.0,100.0,2024-09-28,40,1,-0.5000000000000003,1.0,1,-1,Stable,2,2.8169014084507045,New Entry,66.67,132,Mature,Short Retention,Weak Entry
ayer | dellafuente,Ayer,DELLAFUENTE,2025-06-16,2025-06-18,37,37,49,2,30,50,50,album,10,False,2.595,3,3,0.6666666666666666,66.66666666666666,2025-06-16,37,0,11.999999999999993,19.999999999999993,0,12,Declining,20,66.66666666666666,New Entry,5.13,394,Established,Short Retention,Weak Entry
miamor | aitana,miamor,Aitana,2024-09-24,2024-09-26,34,34,37,3,31,55,55,album,15,False,2.656,3,3,1.0,100.0,2024-09-24,34,0,1.4999999999999971,11.999999999999996,0,3,Declining,24,77.41935483870968,New Entry,40.0,129,Mature,Short Retention,Weak Entry
solita y sueltaaa | rels b,Solita y SueltAAA,Rels B,2024-07-23,2024-07-25,50,49,49,3,64,70,70,album,9,False,2.5964833333333335,3,3,1.0,100.0,2024-07-25,49,2,-0.5000000000000058,3.0,1,-1,Stable,6,9.375,New Entry,66.67,66,Developing,Short Retention,Weak Entry
snowman | sia,Snowman,Sia,2024-12-25,2024-12-27,27,27,42,3,94,94,94,album,13,False,2.765,3,3,1.0,100.0,2024-12-25,27,0,7.499999999999999,4.90463607728069e-15,0,15,Declining,0,0.0,New Entry,11.76,221,Established,Short Retention,Weak Entry
paz | morad,Paz,Morad,2024-05-18,2024-05-20,44,44,47,3,63,66,66,album,19,False,3.1,3,3,1.0,100.0,2024-05-18,44,0,1.4999999999999944,1.5000000000000018,0,3,Declining,3,4.761904761904762,New Entry,40.0,0,Fresh,Short Retention,Weak Entry
sleigh ride | the ronettes,Sleigh Ride,The Ronettes,2024-12-25,2024-12-27,28,28,50,3,84,84,84,album,15,False,3.0211,3,3,1.0,100.0,2024-12-25,28,0,11.0,6.245935639941001e-15,0,22,Declining,0,0.0,New Entry,8.33,221,Established,Short Retention,Weak Entry
mi droga | myke towers,MI DROGA,Myke Towers,2024-05-18,2024-05-20,46,46,50,3,81,81,80,album,23,True,2.720666666666667,3,3,1.0,100.0,2024-05-18,46,0,1.999999999999997,-0.4999999999999993,0,4,Declining,-1,-1.2345679012345678,New Entry,33.33,0,Fresh,Short Retention,Weak Entry
mis tías | juanjo bona,Mis Tías,Juanjo Bona,2025-07-21,2025-07-23,44,44,47,2,58,62,62,single,1,False,2.64,3,3,0.6666666666666666,66.66666666666666,2025-07-21,44,0,2.999999999999995,3.99999999999999,0,3,Declining,4,6.896551724137931,New Entry,16.67,429,Established,Short Retention,Weak Entry
dicelo | lianet rivero & lia & gatillo,Dicelo,Lianet Rivero & Lia & Gatillo,2024-10-20,2024-10-23,29,24,32,4,52,66,66,single,1,False,2.5593833333333333,4,4,1.0,100.0,2024-10-21,24,1,1.2999999999999998,4.799999999999999,5,3,Declining,14,26.923076923076923,New Entry,43.48,155,Mature,Short Retention,Weak Entry
2am | sebastian yatra & bad gyal,2AM,Sebastian Yatra & Bad Gyal,2025-11-24,2025-11-27,41,31,31,4,55,64,64,single,1,False,3.2737666666666665,4,4,1.0,100.0,2025-11-27,31,3,-3.8,2.999999999999999,10,-10,Improving,9,16.363636363636363,New Entry,20.83,555,Established,Short Retention,Weak Entry
caída del cielo <3 | rels b,caída del cielo <3,Rels B,2025-04-28,2025-05-01,38,38,48,2,66,71,71,album,13,True,2.2203333333333335,4,4,0.5,50.0,2025-04-28,38,0,9.999999999999993,4.999999999999993,0,10,Declining,5,7.575757575757576,New Entry,4.55,345,Established,Short Retention,Weak Entry
cosas pendientes | maluma,Cosas Pendientes,Maluma,2025-11-24,2025-11-27,48,37,37,2,64,73,73,single,1,False,3.0743666666666667,4,4,0.5,50.0,2025-11-27,37,3,-11.00000000000001,8.999999999999996,11,-11,Improving,9,14.0625,New Entry,4.17,555,Established,Short Retention,Weak Entry
penas de antaño | bizarrap & milo j,Penas de Antaño,Bizarrap & Milo j,2024-10-09,2024-10-12,48,44,50,4,74,78,78,single,5,False,3.3545333333333334,4,4,1.0,100.0,2024-10-10,44,1,0.5999999999999999,1.4000000000000015,4,2,Stable,4,5.405405405405405,New Entry,62.5,144,Mature,Short Retention,Weak Entry
no digas na | feid & yandel,No Digas Na,Feid & Yandel,2025-04-17,2025-04-20,50,48,49,4,71,74,74,single,5,False,3.4731,4,4,1.0,100.0,2025-04-18,48,1,-0.3000000000000016,1.0000000000000084,2,-1,Stable,3,4.225352112676056,New Entry,76.92,334,Established,Short Retention,Weak Entry
maquillaje - remix | refracted arg,Maquillaje - Remix,refracted arg,2025-04-21,2025-04-24,32,32,33,4,0,52,52,album,7,False,3.4557,4,4,1.0,100.0,2025-04-21,32,0,1.2000000000000055,16.7,0,1,Declining,52,,New Entry,45.45,338,Established,Short Retention,Weak Entry
perros&gata$ | nicki nicole & saiko,PERROS&GATA$,Nicki Nicole & SAIKO,2025-07-04,2025-07-07,45,45,50,4,65,68,68,single,1,False,2.993533333333333,4,4,1.0,100.0,2025-07-04,45,0,1.599999999999998,1.0000000000000073,0,5,Declining,3,4.615384615384616,New Entry,38.46,412,Established,Short Retention,Weak Entry
otra noche | myke towers & darell,OTRA NOCHE,Myke Towers & Darell,2025-08-20,2025-08-23,41,36,36,4,64,69,69,single,1,True,3.735333333333333,4,4,1.0,100.0,2025-08-23,36,3,-1.699999999999998,1.600000000000003,5,-5,Improving,5,7.8125,New Entry,37.04,459,Established,Short Retention,Weak Entry
qué pecao | manuel turizo,Qué Pecao,Manuel Turizo,2025-11-24,2025-11-27,34,34,44,4,42,55,55,album,12,False,3.8346666666666667,4,4,1.0,100.0,2025-11-24,34,0,3.8,4.400000000000002,0,10,Declining,13,30.952380952380953,New Entry,20.83,555,Established,Short Retention,Weak Entry
si te pegas | rauw alejandro,SI TE PEGAS,Rauw Alejandro,2024-07-09,2024-07-12,30,30,43,4,0,77,77,album,14,True,3.0608666666666666,4,4,1.0,100.0,2024-07-09,30,0,3.8999999999999995,23.30000000000001,0,13,Declining,77,,New Entry,20.41,52,Developing,Short Retention,Weak Entry
remember me | duki,Remember Me,Duki,2024-07-19,2024-07-22,43,43,48,4,59,63,63,album,15,False,2.8437333333333332,4,4,1.0,100.0,2024-07-19,43,0,1.4999999999999998,1.4000000000000081,0,5,Declining,4,6.779661016949152,New Entry,40.0,62,Developing,Short Retention,Weak Entry
rockin' around the christmas tree | brenda lee,Rockin' Around The Christmas Tree,Brenda Lee,2024-12-24,2024-12-27,47,7,11,4,98,98,98,album,12,False,2.104433333333333,4,4,1.0,100.0,2024-12-25,7,1,-10.400000000000002,9.54111134412617e-15,40,-36,Improving,0,0.0,New Entry,8.77,220,Established,Short Retention,Weak Entry
t'as peur | aya nakamura,T'as peur,Aya Nakamura,2024-05-18,2024-05-21,45,45,49,4,70,70,70,album,15,False,3.5880666666666667,4,4,1.0,100.0,2024-05-18,45,0,1.2000000000000033,2.830887248101995e-15,0,4,Declining,0,0.0,New Entry,45.45,0,Fresh,Short Retention,Weak Entry
