song,artist,entry_position,best_position,rank_improvement,days_on_playlist
REAL GANGSTA LOVE,Trueno,49,1,48,164
All I Want for Christmas Is You,Mariah Carey,49,1,48,31
Si No Estás,iñigo quintero,48,1,47,196
MODELITO,Mora,50,4,46,282
PELIGROSA,FloyyMenor,49,3,46,120
No Te Quieren Conmigo,Gaby Music & Lunay & Luar La L,50,4,46,112
Last Christmas - Single Version,Wham!,49,4,45,5
Holanda,Jhayco,47,3,44,221
Potra Salvaje - Hard Remix,Isabel Aaiún & Fernando Moreno,47,3,44,119
STAR,JC Reyes,50,7,43,39
Se Pone Las Nike,Cano,49,6,43,22
Lollipop,Darell,43,1,42,108
Mamichula - con Nicki Nicole,Trueno,49,7,42,47
LALA,Myke Towers,42,1,41,453
FRIKI,Gonzy,49,8,41,201
COCO LOCO,Maluma,50,9,41,149
Eva Longoria,Ozuna,49,8,41,105
APAGA EL CEL,FloyyMenor & Lewis Somes,48,7,41,76
Celine (with Kidd Keo),Ghost Killer Track & Kidd Keo,50,9,41,56
Yo sé,Yan Block & TORRRES,49,8,41,27
Alegría,Tiago PZK,48,8,40,8
Rockin' Around The Christmas Tree,Brenda Lee,47,7,40,4
El Patio,Pepe y Vizio & Delaossa & KIDDO,47,8,39,187
TU$$I (with Dei V),YOVNGCHIMI,50,11,39,169
Gata Only,FloyyMenor & Cris Mj,41,2,39,167
lady madrizZz,céro,47,8,39,120
La Baby,Brytiago,42,3,39,30
Columbia,Quevedo,39,1,38,483
Ohnana,Kapo,40,2,38,147
Q U E V A S H A C E R H O Y ?,Omar Courtz,39,1,38,64
X'CLUSIVO,Gonzy,41,3,38,38
El Mambo,Kiko Rivera,39,2,37,149
SE ME OLVIDA,Maisak & Feid,48,11,37,85
VAGABUNDO,Sebastian Yatra & Manuel Turizo & Beéle,39,3,36,517
Diabólica,Cris Mj,50,14,36,160
Luna llena,Beny Jr,40,4,36,120
M.A.I,Milo j,40,4,36,104
TAMBIÉN,Myke Towers,41,5,36,96
Thalía,Cyril Kamer,45,9,36,82
Buscando Money,TWENTY SIX & Tayson Kryss,40,4,36,75
COSAS QUE NO TE DIJE,Saiko,42,7,35,255
A 300,JC Reyes & Pedro Calderon,50,15,35,153
Trending Remix (with Myke Towers),Dei V,45,10,35,140
Gitana (feat. Bryartz),Pablo Chill-E,50,15,35,46
AMARGURA,KAROL G,50,16,34,524
No_se_ve.mp3,Emilia & LUDMILLA & ZECCA,47,13,34,149
NO PIENSO LLAMAR,Soge Culebra,41,7,34,140
Potra Salvaje,Isabel Aaiún,48,14,34,53
No Has Cambiado,Baby Rasta & Noriel & Hades66,45,11,34,46
SORRY 4 THAT MUCH,Feid,43,9,34,39
Martini,Dei V,40,7,33,206
Soltera,Shakira,38,5,33,61
Santa,Rvssian & Rauw Alejandro & Ayra Starr,34,1,33,36
DIABLA,Los Diozes,50,17,33,25
CRUSH,Sky Rompiendo & Dei V,47,15,32,139
Cuando Te Vi | CROSSOVER #5,Big One & Maria Becerra & Trueno,43,11,32,116
Me has invitado a bailar,Dani Fernández,47,15,32,85
Maquillaje,Renn & Yexel,50,18,32,74
TQMQA,Eladio Carrion,47,15,32,41
Pedro,Jaxomy & Agatino Romero & Raffaella Carrà,46,14,32,38
Hablame Claro,Yandel & Feid,37,5,32,27
El Conjuntito,El Bobe & Omar Montes,32,1,31,184
"SI SI SI SI (feat. Eladio Carrion, Bryant Myers, Dei V)",The Academy: Segunda Misión & Justin Quiles & Lenny Tavárez,47,16,31,69
Gran Día,Mau y Ricky & Guaynaa,48,17,31,17
Una Foto Remix (feat. Emilia),Mesita & Nicki Nicole & Tiago PZK,36,6,30,156
Déjame Entrar,Rauw Alejandro,47,17,30,122
HAY LUPITA,Lomiiel,32,2,30,110
Beautiful Things,Benson Boone,47,17,30,103
LA MARINA STA MORENA,Figa Flawas,49,19,30,70
Después De La 1,Cris Mj & FloyyMenor,41,11,30,66
Imagínate,Danny Ocean & Kapo,45,15,30,13
QLONA,KAROL G,37,8,29,427
SEYA,GIMS,50,21,29,130
i like the way you kiss me,Artemas,48,19,29,29
100xCiento,Foreign Teck & Eladio Carrion & De La Ghetto,42,13,29,16
LA CAPI,Myke Towers,41,13,28,286
Rapido (with Cris Mj),Dei V,33,5,28,165
Suano,NTG & Amenazzy,34,6,28,86
Tengo Un Plan,Key-Key,39,11,28,69
S91,KAROL G,49,21,28,51
Cupido,Engel Montaz & Kuv507 & Latinnites Music,50,22,28,49
Quien Es Dei V?,Dei V,37,10,27,198
BBY BOO - REMIX,iZaak & Jhayco & Anuel AA,32,5,27,116
Alucin,Eugenio Esquivel & Grupo Marca Registrada & Sebastian Esquivel,48,21,27,83
LUNA,Feid,28,2,26,361
DILUVIO,Rauw Alejandro,29,3,26,359
COMUNA 3,JC Reyes & The Rudeboyz,38,12,26,123
RUEDA,Rvfv,47,21,26,74
COLMILLO,Tainy,44,18,26,27
UWAIE,Kapo,27,2,25,100
Thalía - Remix,Cyril Kamer & Rvfv & Polimá Westcoast,50,25,25,37
YO TENGO UN NOVIO,Lola Indigo,42,18,24,8
"Japoni (feat. Camin, Moncho Chavea, Jthyago & Samueliyo Baby)",Oscar el Ruso & Samuel G & Omar Montes,49,26,23,151
Corazón Roto - Remix,Brray & Jhayco & Ryan Castro,49,26,23,35
SI SABE FERXXO,Blessd,50,27,23,32
LA NENA,Lyanno & Rauw Alejandro,47,25,22,35
WYA REMIX RED,J Abdiel & De La Rose & Yan Block,43,22,21,151
CORAZÓN VACÍO,Maria Becerra,40,19,21,101
Die With A Smile,Lady Gaga & Bruno Mars,50,29,21,85
Narcotics (with Bryant Myers),Dei V & Bryant Myers,35,15,20,251
Vacile,Yan Block,36,16,20,105
RAPAPA,JC Reyes,28,8,20,38
La Rizos [Dime Si Le Comento a la Pura],Las 2K & Chardo Chardemio & Melody Records International,41,22,19,74
GATITA GANGSTER,KAROL G,49,30,19,73
Extasisssssss,Saiko,37,18,19,43
Mi Luz (ft. Rels B),Rvfv,50,32,18,361
GATITAS SANDUNGUERAS VOL.1,Alvaro Diaz,30,12,18,46
Falsos Recuerdos,Abraham Mateo & Omar Montes,50,32,18,25
IA,Clarent,19,1,18,24
Mirame,Blessd & Ovy On The Drums,31,13,18,16
"BESAME (feat. Tiago PZK, Khea & Neo Pistea) - Remix",Bhavi & Seven Kayne & Milo j,46,28,18,13
Quickie,Dei V,49,31,18,7
Como Camarón,Estopa,49,32,17,85
69,Nicky Jam & Feid,39,22,17,41
EMPELOTICA,Lenny Tavárez & Feid,33,16,17,41
PERREO LENTO,Chris Jedi & Gaby Music & Dei V,45,28,17,29
0 CONFIANZA,Rvfv,40,23,17,22
Passoa,JHAYCO & Kapo,36,19,17,22
Pacto (feat. Bryant Myers & Dei V) - Remix,Jay Wheeler & Anuel AA & Hades66,36,20,16,70
Qué Pecao,Manuel Turizo & Kapo,29,13,16,49
BESOS (with Kidd Keo & Neelo),SwaggGlock & Kidd Keo & Neelo,38,22,16,30
a new star (2 0 2 4),Rels B,48,32,16,22
LA SEVILLANA,Omar Montes,19,3,16,21
CORLEONE,Saiko & Yandel,32,16,16,7
Mal de amores,Natos y Waor & Israel B,45,29,16,7
Arena y Sal,Omar Montes & Saiko & Tunvao,18,3,15,245
Guay,Ozuna & Bad Gyal,22,7,15,91
Duro De Verdad pt.2,Los Sufridos & Bad Gyal,16,1,15,68
2xLL,JC Reyes & YOVNGCHIMI & Slayter,50,35,15,29
we can't be friends (wait for your love),Ariana Grande,46,31,15,10
DEPORTIVO,Blessd & Anuel AA,50,35,15,8
No soy Eterno,Bizarrap & Milo j,42,27,15,7
Toy en el Mic,Bizarrap & Milo j,39,24,15,7
Los del Espacio,LIT killah,16,2,14,258
La_Original.mp3,Emilia,24,10,14,212
Corazón Roto pt. 3,Brray & Anuel AA & Chencho Corleone,35,21,14,145
YOTULOKO,Omar Montes & Rels B,36,22,14,115
Ella Baila Sola,Eslabon Armado,23,9,14,84
EL CONDENAO,Lola Indigo,49,35,14,19
LUNCH,Billie Eilish,34,20,14,12
Fortnight (feat. Post Malone),Taylor Swift,38,24,14,10
La Bachata,Manuel Turizo,24,11,13,551
LA REINA,Lola Indigo,17,4,13,164
FARDOS,JC Reyes & De La Ghetto,14,1,13,163
SI NO ES CONTIGO,Cris Mj,44,31,13,95
Fruto,Bizarrap & Milo j,25,12,13,36
Polaris,Saiko,35,22,13,25
Tacos Gucci,Anuel AA,32,19,13,16
Hay Lupita,Megan Koffe,43,30,13,13
Manos Rotas,DELLAFUENTE & Morad,13,1,12,371
ASI ES LA VIDA,Enrique Iglesias & Maria Becerra,50,38,12,122
Un Rodeoooo,Rels B,48,36,12,63
PIRIBIRI,JC Reyes & Pedro Calderon,49,37,12,52
Capri Sun,B10 & Kilvertz,46,34,12,15
Maquillaje - Remix,Renn & Myke Towers & Nio Garcia,37,25,12,5
El Fin del Mundo,La La Love You,48,37,11,174
Casanova,Soolking & Lola Indigo & Rvfv,12,1,11,171
Pacto (feat. Luar La L),Jay Wheeler,49,38,11,31
EROTICAAAAAAA,Gonzy,49,38,11,19
Whisky,Samuel G & Oscar el Ruso & Aissa,41,30,11,15
Es un Secreto,Plan B,48,37,11,13
Fecha,Feid & Yandel,50,39,11,5
Cosas Pendientes,Maluma,48,37,11,4
Tu Silueta,Diegote,15,5,10,107
offline,Young Miko,26,16,10,70
Espresso,Sabrina Carpenter,49,39,10,25
Khé?,Rauw Alejandro,18,8,10,11
MIENTRAS ME CURO DEL CORA,KAROL G,47,37,10,10
2AM,Sebastian Yatra & Bad Gyal,41,31,10,4
G-WA,ZHEUS,48,39,9,7
COMUNA 3,JC Reyes & The Rude Boyz,47,38,9,2
El Cielo,Sky Rompiendo & Feid & Myke Towers,10,2,8,279
DEGENERE 👑 (feat. benny blanco),Myke Towers,9,1,8,39
Rosas,La Oreja de Van Gogh,38,30,8,10
Que Me Lleve el Aire,Luis Cortés,50,42,8,8
DEMO #5: nostalgIA - Spanglish Version,FlowGPT,20,12,8,2
Lo Que Tiene,Morad & Beny Jr & Rvfv,12,5,7,259
No_Se_Ve.mp3,Emilia,39,32,7,98
VISTA AL MAR,Quevedo,50,43,7,70
Imperio,Duki,22,15,7,21
REMIX EXCLUSIVO,Feid,50,43,7,18
"Ride Or Die, Pt. 2 (with Villano Antillano & Tokischa)",Sevdaliza & Villano Antillano & Tokischa,33,26,7,17
Enamórate,Nicki Nicole & Bad Gyal,38,31,7,16
"yes, and?",Ariana Grande,37,30,7,7
Hasta Olvidarte,Mau y Ricky,30,23,7,6
Europapa,Joost,40,33,7,5
Goteras,Omar Montes & JC Reyes,7,1,6,147
EL PANTALON - RUMBAS,Omar Montes,8,2,6,103
La Fiesta,Pedro Capó,36,30,6,41
La Jumpa,Arcángel,42,36,6,37
CONTIGO (with Tiësto),KAROL G & Tiësto,19,13,6,36
My Love,De La Ghetto & Quevedo,42,36,6,28
The Emptiness Machine,Linkin Park,36,30,6,22
Un Desperdicio,Rels B,35,29,6,18
Andando,Morad,40,34,6,17
Te Menti,Ozuna & Saiko & Ovy On The Drums,44,38,6,11
Please Please Please,Sabrina Carpenter,39,33,6,9
YO LO SOÑÉ,SAIKO & Omar Montes,8,2,6,9
rompeolas,Martin Urrutia,45,39,6,7
Hoy,Valentino Merlo & The La Planta,19,13,6,6
Conexión,Cano & JC Reyes,46,40,6,2
OA,Anuel AA & Quevedo & Maluma,8,3,5,194
Si Antes Te Hubiera Conocido,KAROL G,6,1,5,159
A 300,JC Reyes & Pedro Calderon & Blacknife,16,11,5,109
CARITA TRISTE,Ana Mena & Emilia,14,9,5,84
Nueva Era,Duki,8,3,5,25
Bailando Bachata,Chayanne,50,45,5,21
Cúrame,Rauw Alejandro,46,41,5,16
Las Bratz (Remix),Aissa & JC Reyes & Saiko,49,44,5,10
Buscarte Lejos,Duki,33,28,5,7
PROVENZA,KAROL G,50,45,5,6
don't liE,Duki,49,44,5,5
Dicelo,Lianet Rivero & Lia & Gatillo,29,24,5,4
OTRA NOCHE,Myke Towers & Darell,41,36,5,4
PUNTO G,Quevedo,27,23,4,241
"Quevedo: Bzrp Music Sessions, Vol. 52",Bizarrap & Quevedo,31,27,4,231
DESPECHÁ,ROSALÍA,43,39,4,226
LA RANGER (feat. Myke Towers),The Academy: Segunda Misión & Justin Quiles & Lenny Tavárez,7,3,4,108
MERCHO,LiL CaKe & Migrantes,25,21,4,104
LA INOCENTE,Mora,49,45,4,74
El Malo,Eladio Carrion,24,20,4,28
COMO SUENAN LAS ESTRELLAS,SAIKO,28,24,4,22
Flowers,Miley Cyrus,48,44,4,20
Se Grita,Morad,50,46,4,16
El Jefe,Shakira & Fuerza Regida,35,31,4,10
MEMORIAS,Mora,43,39,4,10
Hermosa Casualidad,Sen Senra & Aitana,43,39,4,8
MALA SUERTE,Lola Indigo & DELLAFUENTE,36,32,4,7
Penas de Antaño,Bizarrap & Milo j,48,44,4,4
Amanece,Anuel AA & Haze,50,47,3,408
PERRO NEGRO,Bad Bunny,5,2,3,230
BADGYAL,SAIKO,4,1,3,210
Madrid City,Ana Mena,16,13,3,198
DESATAAA,Ovy On The Drums & Myke Towers & SAIKO,9,6,3,115
Chulo pt.2,Bad Gyal & Tokischa & Young Miko,25,22,3,112
La Bebe - Remix,Yng Lvcas & Peso Pluma,13,10,3,104
La Vida Sin Ti,Rels B,11,8,3,63
"Shakira: Bzrp Music Sessions, Vol. 53",Bizarrap & Shakira,33,30,3,62
Perdió Este Culo,Bad Gyal,21,18,3,28
un x100to,Grupo Frontera & Bad Bunny,34,31,3,28
Orgullosa De Papá,Cano,48,45,3,23
PASIEMPRE,Tainy,24,21,3,19
APT.,ROSÉ & Bruno Mars,45,42,3,10
DUBAI,Trueno & Beny Jr,50,47,3,8
LA FALDA,Myke Towers,3,1,2,364
Nochentera,Vicco,11,9,2,237
Clavaito,Chanel & Abraham Mateo,8,6,2,232
Cupido,TINI,19,17,2,118
YO LO SOÑÉ,SAIKO,3,1,2,111
Si La Calle Llama - Remix,Eladio Carrion,22,20,2,104
Acróstico,Shakira,3,1,2,53
Mi Nena Remix,Maikel Delacalle & Quevedo,28,26,2,24
En To Lao,Haze & Jhayco,47,45,2,17
BABY HELLO,Rauw Alejandro & Bizarrap,4,2,2,14
"Natanael Cano: Bzrp Music Sessions, Vol. 59",Bizarrap & Natanael Cano,34,32,2,8
Vida De Rock,Duki,36,34,2,8
BUBALU,Feid & Rema,23,21,2,6
No Digas Na,Feid & Yandel,50,48,2,4
SHIBATTO,Quevedo,5,3,2,4
El Merengue,Marshmello,20,19,1,380
Rara Vez,Taiu & Milo j,16,15,1,210
ESKELETO,SAIKO,12,11,1,179
Coco Chanel,Eladio Carrion,17,16,1,135
OTRA NOCHE (feat. Darell),Myke Towers,12,11,1,85
Hey Lil Mama,Eladio Carrion,9,8,1,83
Niña Bonita,Feid & Sean Paul,14,13,1,83
LAS BABYS,Aitana,5,4,1,82
Cafe Malibú,Sech & Mora & Saiko,10,9,1,59
No Estuviste En Lo Malo,Morad,47,46,1,37
CHULA,JC Reyes,50,49,1,24
Flow Violento - Remix,YoSoyPlex & Ruven,47,46,1,22
POLARIS - Remix,SAIKO,32,31,1,12
Sport+ RMX,Clarent & Myke Towers,48,47,1,9
Taste,Sabrina Carpenter,48,47,1,6
MR. MOONDIAL,Quevedo,6,5,1,4
AQYNE,Aitana,41,40,1,3
Problemas Mentales,JZAEB & Eix,23,22,1,3
Solita y SueltAAA,Rels B,50,49,1,3
Fecha - Intro Extended,Renzo Pianciola,47,46,1,2
TQG,KAROL G,9,9,0,448
MI EX TENÍA RAZÓN,KAROL G,16,16,0,353
Supernova,Saiko,1,1,0,351
POLARIS - Remix,Saiko & Feid & Quevedo,1,1,0,314
BABY HELLO,Rauw Alejandro,3,3,0,285
1000COSAS,Lola Indigo & Manuel Turizo,3,3,0,249
EL TONTO,Lola Indigo,2,2,0,238
REINA,Mora,1,1,0,231
X'CLUSIVO - REMIX,Gonzy & SAIKO & Arcángel,1,1,0,224
PLAYA DEL INGLÉS,Quevedo,15,15,0,209
WANDA,Quevedo,18,18,0,204
Classy 101,Feid & Young Miko,7,7,0,198
Santa,Rvssian,2,2,0,190
DONDE SE APRENDE A QUERER?,Mora,3,3,0,172
Buenas,Quevedo & Saiko,1,1,0,170
El Merengue,Marshmello & Manuel Turizo,5,5,0,170
WHERE SHE GOES,Bad Bunny,1,1,0,161
BESO,ROSALÍA & Rauw Alejandro,4,4,0,142
Antidepresivos,Saiko,13,13,0,136
Todo Contigo,Álvaro De Luna,12,12,0,129
Yandel 150,Yandel,10,10,0,129
LUCES DE TECNO,Feid,7,7,0,127
"Milo J: Bzrp Music Sessions, Vol. 57",Bizarrap & Milo j,1,1,0,127
Mami Chula,Jhayco & Quevedo,6,6,0,124
SEDA,Bad Bunny,6,6,0,123
ADIVINO,Myke Towers & Bad Bunny,1,1,0,118
Hey Mor,Ozuna,30,30,0,118
No Estuviste En Lo Malo - REMIX,Morad & Beny Jr & DELLAFUENTE,12,12,0,117
"Rauw Alejandro: Bzrp Music Sessions, Vol. 56",Bizarrap & Rauw Alejandro,1,1,0,112
"Young Miko: Bzrp Music Sessions, Vol. 58",Bizarrap & Young Miko,1,1,0,104
ZORRA,Nebulossa,8,8,0,103
MONACO,Bad Bunny,1,1,0,91
ADIVINO,Myke Towers,10,10,0,85
UNA BACHATA,Lola Indigo,8,8,0,83
Los Ángeles,Aitana,20,20,0,80
Arranca (feat. Omega),Becky G & Omega,38,38,0,69
Antes,Rvfv & Edu García,29,29,0,66
Gata Only,FloyyMenor,15,15,0,66
LA SEVILLANA - SEVILLANAS,Omar Montes,8,8,0,60
HIBIKI,Bad Bunny,2,2,0,49
LA ÚLTIMA,Quevedo,1,1,0,49
CLASSY 101,Feid,16,16,0,47
PASAJERO,Mora,4,4,0,45
X'CLUSIVO - REMIX,Gonzy,21,21,0,42
Mi Lova,Bad Gyal & Myke Towers,14,14,0,41
FERXXO 151,Feid,17,17,0,38
TUYA,ROSALÍA,6,6,0,38
UN PREVIEW,Bad Bunny,1,1,0,37
FINA,Bad Bunny,4,4,0,36
Akureyri,Aitana & Sebastian Yatra,10,10,0,35
FERXXO 151,Feid & ICON,9,9,0,35
THUNDER Y LIGHTNING,Bad Bunny,14,14,0,35
MOJABI GHOST,Tainy,6,6,0,33
miamor,Aitana & Rels B,4,4,0,29
"Peso Pluma: Bzrp Music Sessions, Vol. 55",Bizarrap & Peso Pluma,2,2,0,29
QUIZÁS SI QUIZÁS NO,Alvaro Diaz & Quevedo,13,13,0,29
BAD BOY,Chris Jedi & Gaby Music & Dei V,16,16,0,28
CHORRITO PA LAS ANIMAS,Feid,32,32,0,28
haz lo que quieras conmigo,Walls,33,33,0,28
Copa Vacía,Shakira & Manuel Turizo,16,16,0,27
APAGA EL CEL,FloyyMenor,22,22,0,26
DURO,Quevedo,1,1,0,26
CORLEONE,Saiko,21,21,0,23
MEDIA LUNA,Mora,5,5,0,23
No Te Quieren Conmigo - Remix,Gaby Music & Anuel AA & Luar La L,17,17,0,21
Que te vaya bien,Rvfv,26,26,0,21
Passoa,JHAYCO,27,27,0,20
Sangre y Fe,Cruz Cafuné,6,6,0,20
Conexión,Cano,27,27,0,19
57,KAROL G & Feid & DFZM,8,8,0,18
Besitos BB 2.0,El Perla & Omar Montes & SAIKO,9,9,0,16
Tattoo,Loreen,21,21,0,16
BABY NUEVA,Bad Bunny,12,12,0,15
IA,Clarent & Mora,1,1,0,15
NADIE SABE,Bad Bunny,3,3,0,15
TELEFONO NUEVO,Bad Bunny,9,9,0,15
Doblexxó,J Balvin,33,33,0,14
K-POP,Travis Scott & Bad Bunny & The Weeknd,21,21,0,14
New Woman (feat. ROSALÍA),LISA & ROSALÍA,15,15,0,14
Omega (feat. Ralphie Choo),ROSALÍA,3,3,0,14
SexeSexy,Mushkaa,40,40,0,14
"VVS Switch (feat. Hades66, Luar La L & CDobleta) - Remix",Pressure 9X19 & Anuel AA & YOVNGCHIMI,13,13,0,14
Bandidona,Saiko,20,20,0,13
Xxx_Rosario_xxX,Saiko,23,23,0,13
DIABLITA (feat. YOVNGCHIMI),Myke Towers,34,34,0,12
GANGSTER (PQFNEDG),Ovy On The Drums & Quevedo & Yandel,15,15,0,12
LUNA,SAIKO,9,9,0,12
NÚMERO TELEFÓNICO,SAIKO,14,14,0,12
58,JHAYCO,35,35,0,11
LA BABY,Tainy,25,25,0,11
PÓLVORA,Mora,8,8,0,11
Qué Pasaría...,Rauw Alejandro,1,1,0,11
Se Fue,Rauw Alejandro,5,5,0,11
4TO 23,Aitana,17,17,0,10
3 CAÍDAS,SAIKO,13,13,0,8
COMETA HALLEY,SAIKO,24,24,0,8
Constelación,Duki,26,26,0,8
CYBERTRUCK,Bad Bunny,8,8,0,8
MERCEDES CAROTA,Bad Bunny,17,17,0,8
MR. OCTOBER,Bad Bunny,7,7,0,8
RoCKSTAR 2.0,Duki,16,16,0,8
ACHO PR,Bad Bunny,15,15,0,7
BUBALU,Feid,26,26,0,7
CHIHIRO,Billie Eilish,39,39,0,7
Cohete,Shakira,21,21,0,7
FERXXO 30,Feid,32,32,0,7
GRACIAS POR NADA,Bad Bunny,11,11,0,7
Houdini,Dua Lipa,23,23,0,7
LOS PITS,Bad Bunny,20,20,0,7
NO PIENSO LLAMAR,Soge Culebra & Quevedo & GARABATTO,16,16,0,7
Revolú,Rauw Alejandro,10,10,0,7
RÁPIDO,Mora,41,41,0,7
Sin Gato (MIAU!),Rels B,45,45,0,7
Trato De Estar Bien,Duki,37,37,0,7
Tú Con Él,Rauw Alejandro,12,12,0,7
VENTE CONMIGO,Feid,22,22,0,7
Bendecido,Eladio Carrion,7,7,0,6
Dararí,Aitana,13,13,0,6
FANTASÍAS,Mora,9,9,0,6
la raíz d€l mal,Cruz Cafuné,42,42,0,6
Malicia,DELLAFUENTE,29,29,0,6
Ni Me Conozco,Rauw Alejandro,26,26,0,6
NO ME QUIERO CASAR,Bad Bunny,22,22,0,6
Razones,Ozuna & Anuel AA & Mambo Kingz,16,16,0,6
Romero Santo,DELLAFUENTE,31,31,0,6
Una Velita,Bad Bunny,7,7,0,6
BATICANO,Bad Bunny,23,23,0,5
Brindis,Duki,30,30,0,5
COSMETICOS,Myke Towers,33,33,0,5
Espresso Martini,Rauw Alejandro,21,21,0,5
HEY BB,SAIKO,26,26,0,5
KTM,Jhayco & Bryant Myers & Luar La L,16,16,0,5
NANA DEL HILO ROJO,SAIKO,16,16,0,5
The Code,Nemo,24,24,0,5
VOU 787,Bad Bunny,13,13,0,5
VUELVE CANDY B,Bad Bunny,19,19,0,5
14 FEBREROS,Quevedo,9,9,0,4
ALAKRAN,Feid,24,24,0,4
AMANECIÓ,Quevedo,13,13,0,4
Baja Pa' Acá,Rauw Alejandro,22,22,0,4
BOREAL,SAIKO,22,22,0,4
BUENAS NOCHES,Quevedo,18,18,0,4
caída del cielo <3,Rels B,38,38,0,4
CHAPIADORA.COM,Quevedo,8,8,0,4
CÓRCEGA,Mora,17,17,0,4
DIAMONDS,Mora,18,18,0,4
EL CHACAL,Mora,10,10,0,4
EL ESTRIBILLO,Quevedo,16,16,0,4
GRAN VÍA,Quevedo,1,1,0,4
HALO,Quevedo,7,7,0,4
IGUALES,Quevedo,3,3,0,4
KASSANDRA,Quevedo,2,2,0,4
LA 125,Quevedo,10,10,0,4
La Canción Feliz Del Disco,Eladio Carrion,13,13,0,4
LAGUNA,Mora,11,11,0,4
LOKITA,Mora,13,13,0,4
LOS DÍAS CONTADOS,Quevedo,4,4,0,4
Maquillaje - Remix,refracted arg,32,32,0,4
NOEMÚ,Quevedo,15,15,0,4
PERROS&GATA$,Nicki Nicole & SAIKO,45,45,0,4
PIDE,Mora,15,15,0,4
POR ATRÁS,Quevedo,11,11,0,4
QUE ASCO DE TODO,Quevedo,19,19,0,4
Qué Pecao,Manuel Turizo,34,34,0,4
Remember Me,Duki,43,43,0,4
RKO,Eladio Carrion,20,20,0,4
SI TE PEGAS,Rauw Alejandro,30,30,0,4
T'as peur,Aya Nakamura,45,45,0,4
TE FALLÉ,Quevedo,17,17,0,4
Ayer,DELLAFUENTE,37,37,0,3
Cha Cha Cha,Käärijä,37,37,0,3
Espectacular,Sky Rompiendo & Rauw Alejandro,49,49,0,3
Feliz Navidad,José Feliciano,5,5,0,3
Historias Por Contar,Operación Triunfo 2023,28,28,0,3
Holly Jolly Christmas,Michael Bublé,24,24,0,3
It's Beginning to Look a Lot like Christmas,Michael Bublé,16,16,0,3
It's the Most Wonderful Time of the Year,Andy Williams,12,12,0,3
Jingle Bell Rock,Bobby Helms,10,10,0,3
La Vida Sin Ti,Rels B & Lia Kali,15,15,0,3
Let It Snow! Let It Snow! Let It Snow!,Dean Martin,15,15,0,3
MI DROGA,Myke Towers,46,46,0,3
miamor,Aitana,34,34,0,3
Mis Tías,Juanjo Bona,44,44,0,3
Paz,Morad,44,44,0,3
Santa Tell Me,Ariana Grande,17,17,0,3
Sleigh Ride,The Ronettes,28,28,0,3
Snowman,Sia,27,27,0,3
Sofi - Remix,Samueliyo Baby & KEVIN ROLDAN,22,22,0,3
Underneath the Tree,Kelly Clarkson,22,22,0,3
VAGABUNDO,Sebastian Yatra,14,14,0,3
4 PREZ,Cruz Cafuné,35,35,0,2
AYER Y HOY,Mora,23,23,0,2
BIRDS OF A FEATHER,Billie Eilish,49,49,0,2
COMPETENCIA,Myke Towers,19,19,0,2
Constelación,Duki & Lia Kali,29,29,0,2
Cosa Nuestra,Rauw Alejandro,16,16,0,2
DE PLASTILINA,Lola Indigo & Pepe y Vizio,40,40,0,2
Feliz Navidad,Saiko,36,36,0,2
FERXXO EDITION,Feid,43,43,0,2
FINALES DE AGOSTO,SAIKO,40,40,0,2
GANGSTERS Y PISTOLAS,Feid,25,25,0,2
Gata Only (Mashup),Dj Agus Lima,5,5,0,2
LA RIJANA,SAIKO,41,41,0,2
La roja baila - Himno oficial de la selección española,Sergio Ramos & Niña Pastori & RedOne,9,9,0,2
MAREA,Mora,24,24,0,2
"Milo J: Bzrp Music Sessions, Vol. 57",Paul Thin,39,39,0,2
PRIVILEGIOS,Feid,46,46,0,2
"Ptazeta: Bzrp Music Sessions, Vol. 45",Paul Thin & RUSLANA,42,42,0,2
RITMO DE MEDALLO,Feid,37,37,0,2
SE TE NOTA (feat. Peso Pluma),Myke Towers,27,27,0,2
Shars 2023,Al Safir,21,21,0,2
SPANISH TETEO,Rvfv & Rels B & Omar Montes,50,50,0,2
UN DESEO,Mora,20,20,0,2
"1 de Enero, Puntacana",Rels B,45,45,0,1
50 PALOS,Feid,38,38,0,1
Amar De Nuevo,Rauw Alejandro,45,45,0,1
ATTITUDE (FEAT. CHARLIE WILSON & CASH COBAIN),Don Toliver,46,46,0,1
AUNQUE LLEGUE OTRO (feat. Jay Wheeler),Myke Towers,23,23,0,1
BANDIT,Don Toliver,27,27,0,1
Barro,Duki,40,40,0,1
Beso Prohibido,Beny Jr,49,49,0,1
CACHÉ,Myke Towers,47,47,0,1
CALL ME MAYBE,Duki,50,50,0,1
Cangrinaje,Cruz Cafuné,48,48,0,1
CARTERA & TACOS,Myke Towers,47,47,0,1
Caserio,Yandel & SAIKO,41,41,0,1
Cine 🚬,Duki,42,42,0,1
Committed,Rauw Alejandro,29,29,0,1
Cruel Summer,Taylor Swift,39,39,0,1
Cómo Te Atreves,Morat,45,45,0,1
DESQUITE,Feid,39,39,0,1
Detrás del DJ,Rels B,39,39,0,1
DINERO y FAMA (feat. Omar Montes),Myke Towers,40,40,0,1
Dios #1,Cruz Cafuné,43,43,0,1
do it 4 th€ gram,Cruz Cafuné,34,34,0,1
Duro De Verdad pt.2,Los Sufridos,39,39,0,1
El Destello,Juanjo Bona & Martin Urrutia,36,36,0,1
EMRATA,Myke Towers,46,46,0,1
Escriurem,Chiara Oliver & Martin Urrutia,47,47,0,1
Figo,DELLAFUENTE & Morad,44,44,0,1
"FLOWHOT (feat. Arcángel, De La Ghetto, Randy)",The Academy: Segunda Misión & Sech & Dalex,32,32,0,1
Fosforito,DELLAFUENTE,46,46,0,1
FRÍO,Myke Towers,36,36,0,1
"Fé, Cojones y Paciencia",Eladio Carrion,38,38,0,1
HABLAME CLARO,Yandel,47,47,0,1
Hala Madrid ...y nada más,Real Madrid,43,43,0,1
Hardaway,Duki,35,35,0,1
Headshot,Anuel AA,29,29,0,1
Heavy Is the Crown,Linkin Park,49,49,0,1
Heavyweight,Eladio Carrion,49,49,0,1
I Can Do It With a Broken Heart,Taylor Swift,50,50,0,1
IL Capo,Rauw Alejandro,38,38,0,1
La Gata Bajo La Lluvia,Naiara,46,46,0,1
la noia,Angelina Mango,47,47,0,1
La Torre Picasso,Arde Bogotá,46,46,0,1
LA VUELTA,Feid,48,48,0,1
LATTE (feat. Maria Becerra),The Academy: Segunda Misión & Sech & Dalex,43,43,0,1
Let It Snow! Let It Snow! Let It Snow! (with The B. Swanson Quartet),Frank Sinatra,33,33,0,1
Like I Can (feat. Aitana),Sam Smith & Aitana,42,42,0,1
Lo que no ves de mí,Juanjo Bona,38,38,0,1
Luchas Mentales,Eladio Carrion,43,43,0,1
Ma Meilleure Ennemie (from the series Arcane League of Legends),Stromae & Pomme & Arcane,38,38,0,1
Mama's Boy,Eladio Carrion,34,34,0,1
Mamasota,Manuel Turizo & Yandel,50,50,0,1
MEJOR ASÍ,Myke Towers,37,37,0,1
Mencionar,Eladio Carrion,42,42,0,1
Mi Cuarto,Tiago PZK & Rels B,46,46,0,1
Mil Mujeres,Rauw Alejandro,36,36,0,1
m€ntiras,Cruz Cafuné,43,43,0,1
OBVIO,Myke Towers,25,25,0,1
OTRA OPORTUNIDAD,Myke Towers,25,25,0,1
OTRO ROUND,Myke Towers,50,50,0,1
Oye BB,Omar Montes & Nicky Jam,43,43,0,1
PA' LA VUELTA,Eladio Carrion & Morad,49,49,0,1
Pasaporte,Rauw Alejandro,43,43,0,1
Pasaporte,Rauw Alejandro & Mr. Naisgai,49,49,0,1
Probemas Mentales,JZAEB & Eix,48,48,0,1
QUEVEDO #49 AFTER HOUR THE MIXTAPE,DJ Saot ST,48,48,0,1
Quién es Dei V?,Dei V,50,50,0,1
rang€ rov€r,Cruz Cafuné,47,47,0,1
Rapeadita LOVE,Rels B,44,44,0,1
RITUAL,Myke Towers,48,48,0,1
RoCKSTAR 2.0,Duki & Jhayco,14,14,0,1
SEXO DESENFRENADO,Myke Towers,45,45,0,1
"SI SI SI SI (feat. Eladio Carrion, Bryant Myers, Dei V)",The Academy: Segunda Misión,16,16,0,1
Sigo Enamorau',Eladio Carrion,17,17,0,1
Sonrisa,Eladio Carrion,16,16,0,1
Tanta Droga,Eladio Carrion,27,27,0,1
Timeless (with Playboi Carti),The Weeknd & Playboi Carti,50,50,0,1
Todo Lit,Eladio Carrion,23,23,0,1
Tranquila Baby,Eladio Carrion,32,32,0,1
Tu Ritmo,Eladio Carrion,21,21,0,1
vampire,Olivia Rodrigo,48,48,0,1
VOLVER,Tainy,49,49,0,1
Ya es Navidad Popurrí: Ya es Navidad- Zúmbale a la pandereta - Ya vienen los Reyes Magos - Arre Borriquito - Ya es Navidad,Raya Real,34,34,0,1
Yankee 150,Yandel & Feid & Daddy Yankee,46,46,0,1
