song,artist,days_on_playlist,best_position,entry_position,time_to_peak_days,retention_stability_index
La Bachata,Manuel Turizo,551,11,24,228,96.74
AMARGURA,KAROL G,524,16,50,426,26.49
VAGABUNDO,Sebastian Yatra & Manuel Turizo & Beéle,517,3,39,17,65.92
Columbia,Quevedo,483,1,39,1,86.95
LALA,Myke Towers,453,1,42,6,58.77
TQG,KAROL G,448,9,9,0,20.85
QLONA,KAROL G,427,8,37,26,74.11
Amanece,Anuel AA & Haze,408,47,50,29,3.61
El Merengue,Marshmello,380,19,20,1,80.66
Manos Rotas,DELLAFUENTE & Morad,371,1,13,11,75.13
LA FALDA,Myke Towers,364,1,3,85,92.06
LUNA,Feid,361,2,28,40,94.07
Mi Luz (ft. Rels B),Rvfv,361,32,50,353,47.21
DILUVIO,Rauw Alejandro,359,3,29,26,44.17
MI EX TENÍA RAZÓN,KAROL G,353,16,16,0,2.97
Supernova,Saiko,351,1,1,0,47.54
POLARIS - Remix,Saiko & Feid & Quevedo,314,1,1,0,87.83
LA CAPI,Myke Towers,286,13,41,39,74.52
BABY HELLO,Rauw Alejandro,285,3,3,0,85.16
MODELITO,Mora,282,4,50,64,88.24
El Cielo,Sky Rompiendo & Feid & Myke Towers,279,2,10,6,82.65
Lo Que Tiene,Morad & Beny Jr & Rvfv,259,5,12,3,85.55
Los del Espacio,LIT killah,258,2,16,5,83.14
COSAS QUE NO TE DIJE,Saiko,255,7,42,118,93.91
Narcotics (with Bryant Myers),Dei V & Bryant Myers,251,15,35,85,74.36
1000COSAS,Lola Indigo & Manuel Turizo,249,3,3,0,87.77
Arena y Sal,Omar Montes & Saiko & Tunvao,245,3,18,77,87.98
PUNTO G,Quevedo,241,23,27,12,59.88
EL TONTO,Lola Indigo,238,2,2,0,68.64
Nochentera,Vicco,237,9,11,9,54.8
Clavaito,Chanel & Abraham Mateo,232,6,8,15,54.68
"Quevedo: Bzrp Music Sessions, Vol. 52",Bizarrap & Quevedo,231,27,31,11,51.34
REINA,Mora,231,1,1,0,85.24
PERRO NEGRO,Bad Bunny,230,2,5,3,75.01
DESPECHÁ,ROSALÍA,226,39,43,21,20.35
X'CLUSIVO - REMIX,Gonzy & SAIKO & Arcángel,224,1,1,0,86.34
Holanda,Jhayco,221,3,47,12,82.85
La_Original.mp3,Emilia,212,10,24,124,91.46
BADGYAL,SAIKO,210,1,4,3,86.2
Rara Vez,Taiu & Milo j,210,15,16,2,59.62
PLAYA DEL INGLÉS,Quevedo,209,15,15,0,66.32
Martini,Dei V,206,7,40,46,61.28
WANDA,Quevedo,204,18,18,0,62.71
FRIKI,Gonzy,201,8,49,47,98.09
Quien Es Dei V?,Dei V,198,10,37,10,85.1
Classy 101,Feid & Young Miko,198,7,7,0,79.59
Madrid City,Ana Mena,198,13,16,95,84.91
Si No Estás,iñigo quintero,196,1,48,9,77.47
OA,Anuel AA & Quevedo & Maluma,194,3,8,26,80.66
Santa,Rvssian,190,2,2,0,88.6
El Patio,Pepe y Vizio & Delaossa & KIDDO,187,8,47,13,63.5
El Conjuntito,El Bobe & Omar Montes,184,1,32,16,78.62
ESKELETO,SAIKO,179,11,12,4,51.08
El Fin del Mundo,La La Love You,174,37,48,83,55.25
DONDE SE APRENDE A QUERER?,Mora,172,3,3,0,71.2
Casanova,Soolking & Lola Indigo & Rvfv,171,1,12,22,75.36
El Merengue,Marshmello & Manuel Turizo,170,5,5,0,89.41
Buenas,Quevedo & Saiko,170,1,1,0,81.66
TU$$I (with Dei V),YOVNGCHIMI,169,11,50,18,81.71
Gata Only,FloyyMenor & Cris Mj,167,2,41,41,93.9
Rapido (with Cris Mj),Dei V,165,5,33,67,92.01
REAL GANGSTA LOVE,Trueno,164,1,49,6,72.48
LA REINA,Lola Indigo,164,4,17,4,87.68
FARDOS,JC Reyes & De La Ghetto,163,1,14,4,80.21
WHERE SHE GOES,Bad Bunny,161,1,1,0,74.11
Diabólica,Cris Mj,160,14,50,10,82.05
Si Antes Te Hubiera Conocido,KAROL G,159,1,6,10,95.82
Una Foto Remix (feat. Emilia),Mesita & Nicki Nicole & Tiago PZK,156,6,36,21,75.47
A 300,JC Reyes & Pedro Calderon,153,15,50,152,84.76
"Japoni (feat. Camin, Moncho Chavea, Jthyago & Samueliyo Baby)",Oscar el Ruso & Samuel G & Omar Montes,151,26,49,38,40.77
WYA REMIX RED,J Abdiel & De La Rose & Yan Block,151,22,43,23,84.11
El Mambo,Kiko Rivera,149,2,39,9,75.32
No_se_ve.mp3,Emilia & LUDMILLA & ZECCA,149,13,47,78,85.05
COCO LOCO,Maluma,149,9,50,36,59.85
Goteras,Omar Montes & JC Reyes,147,1,7,8,78.15
Ohnana,Kapo,147,2,40,28,91.43
Corazón Roto pt. 3,Brray & Anuel AA & Chencho Corleone,145,21,35,14,58.01
BESO,ROSALÍA & Rauw Alejandro,142,4,4,0,78.44
Trending Remix (with Myke Towers),Dei V,140,10,45,7,81.88
NO PIENSO LLAMAR,Soge Culebra,140,7,41,70,86.87
CRUSH,Sky Rompiendo & Dei V,139,15,47,20,81.89
Antidepresivos,Saiko,136,13,13,0,84.9
Coco Chanel,Eladio Carrion,135,16,17,6,76.65
SEYA,GIMS,130,21,50,60,82.31
Yandel 150,Yandel,129,10,10,0,77.3
Todo Contigo,Álvaro De Luna,129,12,12,0,98.69
"Milo J: Bzrp Music Sessions, Vol. 57",Bizarrap & Milo j,127,1,1,0,25.48
LUCES DE TECNO,Feid,127,7,7,0,82.14
Mami Chula,Jhayco & Quevedo,124,6,6,0,72.97
COMUNA 3,JC Reyes & The Rudeboyz,123,12,38,18,79.27
SEDA,Bad Bunny,123,6,6,0,71.34
Déjame Entrar,Rauw Alejandro,122,17,47,115,4.81
ASI ES LA VIDA,Enrique Iglesias & Maria Becerra,122,38,50,70,54.34
lady madrizZz,céro,120,8,47,13,75.21
Luna llena,Beny Jr,120,4,40,75,88.62
PELIGROSA,FloyyMenor,120,3,49,39,98.56
Potra Salvaje - Hard Remix,Isabel Aaiún & Fernando Moreno,119,3,47,20,80.04
ADIVINO,Myke Towers & Bad Bunny,118,1,1,0,83.45
Hey Mor,Ozuna,118,30,30,0,69.46
Cupido,TINI,118,17,19,1,68.78
No Estuviste En Lo Malo - REMIX,Morad & Beny Jr & DELLAFUENTE,117,12,12,0,84.84
BBY BOO - REMIX,iZaak & Jhayco & Anuel AA,116,5,32,19,82.94
Cuando Te Vi | CROSSOVER #5,Big One & Maria Becerra & Trueno,116,11,43,40,80.51
YOTULOKO,Omar Montes & Rels B,115,22,36,13,84.9
DESATAAA,Ovy On The Drums & Myke Towers & SAIKO,115,6,9,4,77.32
No Te Quieren Conmigo,Gaby Music & Lunay & Luar La L,112,4,50,21,86.68
Chulo pt.2,Bad Gyal & Tokischa & Young Miko,112,22,25,4,67.36
"Rauw Alejandro: Bzrp Music Sessions, Vol. 56",Bizarrap & Rauw Alejandro,112,1,1,0,68.7
YO LO SOÑÉ,SAIKO,111,1,3,2,66.98
HAY LUPITA,Lomiiel,110,2,32,23,67.6
A 300,JC Reyes & Pedro Calderon & Blacknife,109,11,16,8,86.55
Lollipop,Darell,108,1,43,19,67.06
LA RANGER (feat. Myke Towers),The Academy: Segunda Misión & Justin Quiles & Lenny Tavárez,108,3,7,11,71.64
Tu Silueta,Diegote,107,5,15,17,73.42
Eva Longoria,Ozuna,105,8,49,17,56.42
Vacile,Yan Block,105,16,36,63,98.72
La Bebe - Remix,Yng Lvcas & Peso Pluma,104,10,13,14,73.67
M.A.I,Milo j,104,4,40,14,75.49
"Young Miko: Bzrp Music Sessions, Vol. 58",Bizarrap & Young Miko,104,1,1,0,63.73
MERCHO,LiL CaKe & Migrantes,104,21,25,11,84.24
Si La Calle Llama - Remix,Eladio Carrion,104,20,22,1,85.86
ZORRA,Nebulossa,103,8,8,0,6.74
Beautiful Things,Benson Boone,103,17,47,22,74.14
EL PANTALON - RUMBAS,Omar Montes,103,2,8,14,68.58
CORAZÓN VACÍO,Maria Becerra,101,19,40,14,84.65
UWAIE,Kapo,100,2,27,9,83.82
No_Se_Ve.mp3,Emilia,98,32,39,1,67.64
TAMBIÉN,Myke Towers,96,5,41,43,89.99
SI NO ES CONTIGO,Cris Mj,95,31,44,52,88.46
MONACO,Bad Bunny,91,1,1,0,49.22
Guay,Ozuna & Bad Gyal,91,7,22,6,75.6
Suano,NTG & Amenazzy,86,6,34,17,64.78
SE ME OLVIDA,Maisak & Feid,85,11,48,8,74.32
ADIVINO,Myke Towers,85,10,10,0,81.26
Como Camarón,Estopa,85,32,49,35,39.34
Die With A Smile,Lady Gaga & Bruno Mars,85,29,50,76,42.92
Me has invitado a bailar,Dani Fernández,85,15,47,57,89.26
OTRA NOCHE (feat. Darell),Myke Towers,85,11,12,14,80.32
Ella Baila Sola,Eslabon Armado,84,9,23,16,73.3
CARITA TRISTE,Ana Mena & Emilia,84,9,14,6,70.54
Alucin,Eugenio Esquivel & Grupo Marca Registrada & Sebastian Esquivel,83,21,48,68,32.22
Hey Lil Mama,Eladio Carrion,83,8,9,4,62.09
Niña Bonita,Feid & Sean Paul,83,13,14,1,79.57
UNA BACHATA,Lola Indigo,83,8,8,0,59.33
