song,artist,entry_date,exit_date,days_on_playlist,observations,continuity_percentage,best_position,lifecycle_stage
"1 de Enero, Puntacana",Rels B,2025-04-28,2025-04-28,1,1,100.0,45,New Entry
50 PALOS,Feid,2024-12-02,2024-12-02,1,1,100.0,38,New Entry
Amar De Nuevo,Rauw Alejandro,2025-11-17,2025-11-17,1,1,100.0,45,New Entry
ATTITUDE (FEAT. CHARLIE WILSON & CASH COBAIN),Don Toliver,2025-06-21,2025-06-21,1,1,100.0,46,New Entry
Barro,Duki,2025-10-20,2025-10-20,1,1,100.0,40,New Entry
BANDIT,Don Toliver,2025-06-21,2025-06-21,1,1,100.0,27,New Entry
AUNQUE LLEGUE OTRO (feat. Jay Wheeler),Myke Towers,2025-08-24,2025-08-24,1,1,100.0,23,New Entry
Beso Prohibido,Beny Jr,2025-09-07,2025-09-07,1,1,100.0,49,New Entry
Caserio,Yandel & SAIKO,2025-03-10,2025-03-10,1,1,100.0,41,New Entry
Cine 🚬,Duki,2025-11-03,2025-11-03,1,1,100.0,42,New Entry
Committed,Rauw Alejandro,2025-11-17,2025-11-17,1,1,100.0,29,New Entry
CARTERA & TACOS,Myke Towers,2024-11-25,2024-11-25,1,1,100.0,47,New Entry
CACHÉ,Myke Towers,2025-08-24,2025-08-24,1,1,100.0,47,New Entry
CALL ME MAYBE,Duki,2024-12-10,2024-12-10,1,1,100.0,50,New Entry
Cangrinaje,Cruz Cafuné,2024-05-28,2024-05-28,1,1,100.0,48,New Entry
Cómo Te Atreves,Morat,2025-03-02,2025-03-02,1,1,100.0,45,New Entry
Duro De Verdad pt.2,Los Sufridos,2025-09-20,2025-09-20,1,1,100.0,39,New Entry
El Destello,Juanjo Bona & Martin Urrutia,2025-10-06,2025-10-06,1,1,100.0,36,New Entry
Escriurem,Chiara Oliver & Martin Urrutia,2025-01-25,2025-01-25,1,1,100.0,47,New Entry
EMRATA,Myke Towers,2024-11-25,2024-11-25,1,1,100.0,46,New Entry
"FLOWHOT (feat. Arcángel, De La Ghetto, Randy)",The Academy: Segunda Misión & Sech & Dalex,2025-03-31,2025-03-31,1,1,100.0,32,New Entry
Fosforito,DELLAFUENTE,2025-06-16,2025-06-16,1,1,100.0,46,New Entry
FRÍO,Myke Towers,2025-08-24,2025-08-24,1,1,100.0,36,New Entry
Figo,DELLAFUENTE & Morad,2024-12-02,2024-12-02,1,1,100.0,44,New Entry
do it 4 th€ gram,Cruz Cafuné,2025-07-21,2025-07-21,1,1,100.0,34,New Entry
DESQUITE,Feid,2024-12-02,2024-12-02,1,1,100.0,39,New Entry
Dios #1,Cruz Cafuné,2024-05-28,2024-05-28,1,1,100.0,43,New Entry
DINERO y FAMA (feat. Omar Montes),Myke Towers,2025-08-24,2025-08-24,1,1,100.0,40,New Entry
Cruel Summer,Taylor Swift,2025-06-01,2025-06-01,1,1,100.0,39,New Entry
Detrás del DJ,Rels B,2025-04-28,2025-04-28,1,1,100.0,39,New Entry
Hardaway,Duki,2025-11-03,2025-11-03,1,1,100.0,35,New Entry
OTRA OPORTUNIDAD,Myke Towers,2025-08-24,2025-08-24,1,1,100.0,25,New Entry
Like I Can (feat. Aitana),Sam Smith & Aitana,2025-08-10,2025-08-10,1,1,100.0,42,New Entry
Lo que no ves de mí,Juanjo Bona,2025-04-18,2025-04-18,1,1,100.0,38,New Entry
Ma Meilleure Ennemie (from the series Arcane League of Legends),Stromae & Pomme & Arcane,2025-11-27,2025-11-27,1,1,100.0,38,New Entry
Luchas Mentales,Eladio Carrion,2025-01-21,2025-01-21,1,1,100.0,43,New Entry
Mama's Boy,Eladio Carrion,2025-01-21,2025-01-21,1,1,100.0,34,New Entry
Mi Cuarto,Tiago PZK & Rels B,2025-10-27,2025-10-27,1,1,100.0,46,New Entry
MEJOR ASÍ,Myke Towers,2025-08-24,2025-08-24,1,1,100.0,37,New Entry
Mamasota,Manuel Turizo & Yandel,2025-03-15,2025-03-15,1,1,100.0,50,New Entry
Mencionar,Eladio Carrion,2025-01-21,2025-01-21,1,1,100.0,42,New Entry
OTRO ROUND,Myke Towers,2024-11-25,2024-11-25,1,1,100.0,50,New Entry
Oye BB,Omar Montes & Nicky Jam,2024-11-11,2024-11-11,1,1,100.0,43,New Entry
PA' LA VUELTA,Eladio Carrion & Morad,2024-08-06,2024-08-06,1,1,100.0,49,New Entry
Pasaporte,Rauw Alejandro & Mr. Naisgai,2025-09-29,2025-09-29,1,1,100.0,49,New Entry
OBVIO,Myke Towers,2024-11-25,2024-11-25,1,1,100.0,25,New Entry
m€ntiras,Cruz Cafuné,2025-07-21,2025-07-21,1,1,100.0,43,New Entry
Mil Mujeres,Rauw Alejandro,2025-11-17,2025-11-17,1,1,100.0,36,New Entry
Pasaporte,Rauw Alejandro,2025-11-17,2025-11-17,1,1,100.0,43,New Entry
la noia,Angelina Mango,2025-05-14,2025-05-14,1,1,100.0,47,New Entry
La Gata Bajo La Lluvia,Naiara,2025-01-25,2025-01-25,1,1,100.0,46,New Entry
La Torre Picasso,Arde Bogotá,2025-09-15,2025-09-15,1,1,100.0,46,New Entry
LA VUELTA,Feid,2024-12-02,2024-12-02,1,1,100.0,48,New Entry
LATTE (feat. Maria Becerra),The Academy: Segunda Misión & Sech & Dalex,2025-03-31,2025-03-31,1,1,100.0,43,New Entry
Let It Snow! Let It Snow! Let It Snow! (with The B. Swanson Quartet),Frank Sinatra,2024-12-25,2024-12-25,1,1,100.0,33,New Entry
IL Capo,Rauw Alejandro,2025-11-17,2025-11-17,1,1,100.0,38,New Entry
Headshot,Anuel AA,2025-09-22,2025-09-22,1,1,100.0,29,New Entry
Heavy Is the Crown,Linkin Park,2025-09-27,2025-09-27,1,1,100.0,49,New Entry
Heavyweight,Eladio Carrion,2025-05-04,2025-05-04,1,1,100.0,49,New Entry
I Can Do It With a Broken Heart,Taylor Swift,2025-04-23,2025-04-23,1,1,100.0,50,New Entry
HABLAME CLARO,Yandel,2025-10-13,2025-10-13,1,1,100.0,47,New Entry
Hala Madrid ...y nada más,Real Madrid,2025-06-03,2025-06-03,1,1,100.0,43,New Entry
"Fé, Cojones y Paciencia",Eladio Carrion,2025-01-21,2025-01-21,1,1,100.0,38,New Entry
Probemas Mentales,JZAEB & Eix,2025-03-07,2025-03-07,1,1,100.0,48,New Entry
Sonrisa,Eladio Carrion,2025-01-21,2025-01-21,1,1,100.0,16,New Entry
Tanta Droga,Eladio Carrion,2025-01-21,2025-01-21,1,1,100.0,27,New Entry
Todo Lit,Eladio Carrion,2025-01-21,2025-01-21,1,1,100.0,23,New Entry
Timeless (with Playboi Carti),The Weeknd & Playboi Carti,2025-09-29,2025-09-29,1,1,100.0,50,New Entry
Tranquila Baby,Eladio Carrion,2025-01-21,2025-01-21,1,1,100.0,32,New Entry
VOLVER,Tainy,2024-07-02,2024-07-02,1,1,100.0,49,New Entry
Sigo Enamorau',Eladio Carrion,2025-01-21,2025-01-21,1,1,100.0,17,New Entry
"SI SI SI SI (feat. Eladio Carrion, Bryant Myers, Dei V)",The Academy: Segunda Misión,2025-03-31,2025-03-31,1,1,100.0,16,New Entry
RITUAL,Myke Towers,2024-11-25,2024-11-25,1,1,100.0,48,New Entry
RoCKSTAR 2.0,Duki & Jhayco,2024-06-24,2024-06-24,1,1,100.0,14,New Entry
SEXO DESENFRENADO,Myke Towers,2025-08-24,2025-08-24,1,1,100.0,45,New Entry
rang€ rov€r,Cruz Cafuné,2025-07-21,2025-07-21,1,1,100.0,47,New Entry
Yankee 150,Yandel & Feid & Daddy Yankee,2024-06-18,2024-06-18,1,1,100.0,46,New Entry
vampire,Olivia Rodrigo,2024-07-02,2024-07-02,1,1,100.0,48,New Entry
Ya es Navidad Popurrí: Ya es Navidad- Zúmbale a la pandereta - Ya vienen los Reyes Magos - Arre Borriquito - Ya es Navidad,Raya Real,2024-12-25,2024-12-25,1,1,100.0,34,New Entry
Tu Ritmo,Eladio Carrion,2025-01-21,2025-01-21,1,1,100.0,21,New Entry
QUEVEDO #49 AFTER HOUR THE MIXTAPE,DJ Saot ST,2024-06-04,2024-06-04,1,1,100.0,48,New Entry
Quién es Dei V?,Dei V,2025-06-16,2025-06-16,1,1,100.0,50,New Entry
Rapeadita LOVE,Rels B,2025-04-28,2025-04-28,1,1,100.0,44,New Entry
"Milo J: Bzrp Music Sessions, Vol. 57",Paul Thin,2025-02-01,2025-02-02,2,2,100.0,39,New Entry
4 PREZ,Cruz Cafuné,2024-05-28,2024-05-29,2,2,100.0,35,New Entry
GANGSTERS Y PISTOLAS,Feid,2024-09-30,2024-10-01,2,2,100.0,25,New Entry
MAREA,Mora,2024-08-30,2024-08-31,2,2,100.0,24,New Entry
AYER Y HOY,Mora,2024-08-30,2024-08-31,2,2,100.0,23,New Entry
Constelación,Duki & Lia Kali,2025-11-01,2025-11-02,2,2,100.0,29,New Entry
DEMO #5: nostalgIA - Spanglish Version,FlowGPT,2024-11-08,2024-11-09,2,2,100.0,12,New Entry
Cosa Nuestra,Rauw Alejandro,2025-11-17,2025-11-18,2,2,100.0,16,New Entry
DE PLASTILINA,Lola Indigo & Pepe y Vizio,2024-10-21,2024-10-22,2,2,100.0,40,New Entry
Gata Only (Mashup),Dj Agus Lima,2025-05-09,2025-05-10,2,2,100.0,5,New Entry
LA RIJANA,SAIKO,2025-04-28,2025-04-29,2,2,100.0,41,New Entry
La roja baila - Himno oficial de la selección española,Sergio Ramos & Niña Pastori & RedOne,2025-07-15,2025-07-16,2,2,100.0,9,New Entry
COMUNA 3,JC Reyes & The Rude Boyz,2025-05-16,2025-05-17,2,2,100.0,38,New Entry
Conexión,Cano & JC Reyes,2025-10-25,2025-10-26,2,2,100.0,40,New Entry
COMPETENCIA,Myke Towers,2025-08-24,2025-08-25,2,2,100.0,19,New Entry
BIRDS OF A FEATHER,Billie Eilish,2025-06-12,2025-06-13,2,2,100.0,49,New Entry
UN DESEO,Mora,2024-08-30,2024-08-31,2,2,100.0,20,New Entry
Fecha - Intro Extended,Renzo Pianciola,2025-04-19,2025-04-20,2,2,100.0,46,New Entry
RITMO DE MEDALLO,Feid,2024-09-30,2024-10-01,2,2,100.0,37,New Entry
PRIVILEGIOS,Feid,2024-09-30,2024-10-01,2,2,100.0,46,New Entry
"Ptazeta: Bzrp Music Sessions, Vol. 45",Paul Thin & RUSLANA,2025-01-18,2025-01-19,2,2,100.0,42,New Entry
Shars 2023,Al Safir,2024-11-30,2024-12-01,2,2,100.0,21,New Entry
SE TE NOTA (feat. Peso Pluma),Myke Towers,2025-08-24,2025-08-25,2,2,100.0,27,New Entry
SPANISH TETEO,Rvfv & Rels B & Omar Montes,2024-09-10,2024-09-11,2,2,100.0,50,New Entry
Feliz Navidad,Saiko,2024-12-19,2024-12-20,2,2,100.0,36,New Entry
FERXXO EDITION,Feid,2024-09-30,2024-10-01,2,2,100.0,43,New Entry
FINALES DE AGOSTO,SAIKO,2025-04-28,2025-04-29,2,2,100.0,40,New Entry
Sleigh Ride,The Ronettes,2024-12-25,2024-12-27,3,3,100.0,28,New Entry
Sofi - Remix,Samueliyo Baby & KEVIN ROLDAN,2024-12-12,2024-12-14,3,3,100.0,22,New Entry
Mis Tías,Juanjo Bona,2025-07-21,2025-07-23,3,2,66.66666666666666,44,New Entry
miamor,Aitana,2024-09-24,2024-09-26,3,3,100.0,34,New Entry
Jingle Bell Rock,Bobby Helms,2024-12-25,2024-12-27,3,3,100.0,10,New Entry
Espectacular,Sky Rompiendo & Rauw Alejandro,2025-04-25,2025-04-27,3,2,66.66666666666666,49,New Entry
AQYNE,Aitana,2024-09-27,2024-09-29,3,3,100.0,40,New Entry
Ayer,DELLAFUENTE,2025-06-16,2025-06-18,3,2,66.66666666666666,37,New Entry
Cha Cha Cha,Käärijä,2024-05-18,2024-05-20,3,3,100.0,37,New Entry
MI DROGA,Myke Towers,2024-05-18,2024-05-20,3,3,100.0,46,New Entry
Holly Jolly Christmas,Michael Bublé,2024-12-25,2024-12-27,3,3,100.0,24,New Entry
La Vida Sin Ti,Rels B & Lia Kali,2025-04-25,2025-04-27,3,3,100.0,15,New Entry
It's Beginning to Look a Lot like Christmas,Michael Bublé,2024-12-25,2024-12-27,3,3,100.0,16,New Entry
Historias Por Contar,Operación Triunfo 2023,2025-02-22,2025-02-24,3,3,100.0,28,New Entry
It's the Most Wonderful Time of the Year,Andy Williams,2024-12-25,2024-12-27,3,3,100.0,12,New Entry
Let It Snow! Let It Snow! Let It Snow!,Dean Martin,2024-12-25,2024-12-27,3,3,100.0,15,New Entry
Paz,Morad,2024-05-18,2024-05-20,3,3,100.0,44,New Entry
Feliz Navidad,José Feliciano,2024-12-25,2024-12-27,3,3,100.0,5,New Entry
VAGABUNDO,Sebastian Yatra,2024-09-24,2024-09-26,3,3,100.0,14,New Entry
Underneath the Tree,Kelly Clarkson,2024-12-25,2024-12-27,3,3,100.0,22,New Entry
Santa Tell Me,Ariana Grande,2024-12-25,2024-12-27,3,3,100.0,17,New Entry
Problemas Mentales,JZAEB & Eix,2025-03-20,2025-03-22,3,2,66.66666666666666,22,New Entry
Snowman,Sia,2024-12-25,2024-12-27,3,3,100.0,27,New Entry
Solita y SueltAAA,Rels B,2024-07-23,2024-07-25,3,3,100.0,49,New Entry
LOS DÍAS CONTADOS,Quevedo,2025-11-24,2025-11-27,4,4,100.0,4,New Entry
NOEMÚ,Quevedo,2025-11-24,2025-11-27,4,4,100.0,15,New Entry
LA 125,Quevedo,2025-11-24,2025-11-27,4,4,100.0,10,New Entry
IGUALES,Quevedo,2025-11-24,2025-11-27,4,4,100.0,3,New Entry
GRAN VÍA,Quevedo,2025-11-24,2025-11-27,4,4,100.0,1,New Entry
HALO,Quevedo,2025-11-24,2025-11-27,4,4,100.0,7,New Entry
KASSANDRA,Quevedo,2025-11-24,2025-11-27,4,4,100.0,2,New Entry
LOKITA,Mora,2024-08-30,2024-09-02,4,4,100.0,13,New Entry
Maquillaje - Remix,refracted arg,2025-04-21,2025-04-24,4,4,100.0,32,New Entry
LAGUNA,Mora,2024-08-30,2024-09-02,4,4,100.0,11,New Entry
2AM,Sebastian Yatra & Bad Gyal,2025-11-24,2025-11-27,4,4,100.0,31,New Entry
caída del cielo <3,Rels B,2025-04-28,2025-05-01,4,2,50.0,38,New Entry
BUENAS NOCHES,Quevedo,2025-11-24,2025-11-27,4,4,100.0,18,New Entry
BOREAL,SAIKO,2025-04-28,2025-05-01,4,4,100.0,22,New Entry
AMANECIÓ,Quevedo,2025-11-24,2025-11-27,4,4,100.0,13,New Entry
ALAKRAN,Feid,2024-12-02,2024-12-05,4,3,75.0,24,New Entry
14 FEBREROS,Quevedo,2025-11-24,2025-11-27,4,4,100.0,9,New Entry
Baja Pa' Acá,Rauw Alejandro,2025-11-17,2025-11-20,4,4,100.0,22,New Entry
Dicelo,Lianet Rivero & Lia & Gatillo,2024-10-20,2024-10-23,4,4,100.0,24,New Entry
CHAPIADORA.COM,Quevedo,2025-11-24,2025-11-27,4,4,100.0,8,New Entry
Cosas Pendientes,Maluma,2025-11-24,2025-11-27,4,2,50.0,37,New Entry
CÓRCEGA,Mora,2024-08-30,2024-09-02,4,4,100.0,17,New Entry
DIAMONDS,Mora,2024-08-30,2024-09-02,4,4,100.0,18,New Entry
La Canción Feliz Del Disco,Eladio Carrion,2025-01-21,2025-01-24,4,4,100.0,13,New Entry
EL CHACAL,Mora,2024-08-30,2024-09-02,4,4,100.0,10,New Entry
EL ESTRIBILLO,Quevedo,2025-11-24,2025-11-27,4,4,100.0,16,New Entry
OTRA NOCHE,Myke Towers & Darell,2025-08-20,2025-08-23,4,4,100.0,36,New Entry
MR. MOONDIAL,Quevedo,2025-11-24,2025-11-27,4,4,100.0,5,New Entry
No Digas Na,Feid & Yandel,2025-04-17,2025-04-20,4,4,100.0,48,New Entry
Rockin' Around The Christmas Tree,Brenda Lee,2024-12-24,2024-12-27,4,4,100.0,7,New Entry
SHIBATTO,Quevedo,2025-11-24,2025-11-27,4,4,100.0,3,New Entry
SI TE PEGAS,Rauw Alejandro,2024-07-09,2024-07-12,4,4,100.0,30,New Entry
Qué Pecao,Manuel Turizo,2025-11-24,2025-11-27,4,4,100.0,34,New Entry
Remember Me,Duki,2024-07-19,2024-07-22,4,4,100.0,43,New Entry
PIDE,Mora,2024-08-30,2024-09-02,4,4,100.0,15,New Entry
PERROS&GATA$,Nicki Nicole & SAIKO,2025-07-04,2025-07-07,4,4,100.0,45,New Entry
POR ATRÁS,Quevedo,2025-11-24,2025-11-27,4,4,100.0,11,New Entry
RKO,Eladio Carrion,2025-01-21,2025-01-24,4,4,100.0,20,New Entry
Penas de Antaño,Bizarrap & Milo j,2024-10-09,2024-10-12,4,4,100.0,44,New Entry
QUE ASCO DE TODO,Quevedo,2025-11-24,2025-11-27,4,4,100.0,19,New Entry
TE FALLÉ,Quevedo,2025-11-24,2025-11-27,4,4,100.0,17,New Entry
T'as peur,Aya Nakamura,2024-05-18,2024-05-21,4,4,100.0,45,New Entry
